-- MySQL dump 10.13  Distrib 8.0.20, for Linux (x86_64)
--
-- Host: localhost    Database: vk
-- ------------------------------------------------------
-- Server version	8.0.20-0ubuntu0.20.04.1

/*!40101 SET @OLD_CHARACTER_SET_CLIENT=@@CHARACTER_SET_CLIENT */;
/*!40101 SET @OLD_CHARACTER_SET_RESULTS=@@CHARACTER_SET_RESULTS */;
/*!40101 SET @OLD_COLLATION_CONNECTION=@@COLLATION_CONNECTION */;
/*!50503 SET NAMES utf8mb4 */;
/*!40103 SET @OLD_TIME_ZONE=@@TIME_ZONE */;
/*!40103 SET TIME_ZONE='+00:00' */;
/*!40014 SET @OLD_UNIQUE_CHECKS=@@UNIQUE_CHECKS, UNIQUE_CHECKS=0 */;
/*!40014 SET @OLD_FOREIGN_KEY_CHECKS=@@FOREIGN_KEY_CHECKS, FOREIGN_KEY_CHECKS=0 */;
/*!40101 SET @OLD_SQL_MODE=@@SQL_MODE, SQL_MODE='NO_AUTO_VALUE_ON_ZERO' */;
/*!40111 SET @OLD_SQL_NOTES=@@SQL_NOTES, SQL_NOTES=0 */;

--
-- Table structure for table `comments`
--

DROP TABLE IF EXISTS `comments`;
/*!40101 SET @saved_cs_client     = @@character_set_client */;
/*!50503 SET character_set_client = utf8mb4 */;
CREATE TABLE `comments` (
  `id` bigint unsigned NOT NULL AUTO_INCREMENT,
  `user_id` bigint unsigned NOT NULL,
  `post_id` bigint unsigned NOT NULL,
  `body` text,
  `created_at` datetime DEFAULT CURRENT_TIMESTAMP,
  `updated_at` datetime DEFAULT CURRENT_TIMESTAMP ON UPDATE CURRENT_TIMESTAMP,
  PRIMARY KEY (`id`),
  UNIQUE KEY `id` (`id`),
  KEY `user_id` (`user_id`),
  KEY `post_id` (`post_id`),
  CONSTRAINT `comments_ibfk_1` FOREIGN KEY (`user_id`) REFERENCES `users` (`id`),
  CONSTRAINT `comments_ibfk_2` FOREIGN KEY (`post_id`) REFERENCES `posts` (`id`)
) ENGINE=InnoDB AUTO_INCREMENT=101 DEFAULT CHARSET=utf8mb4 COLLATE=utf8mb4_0900_ai_ci;
/*!40101 SET character_set_client = @saved_cs_client */;

--
-- Dumping data for table `comments`
--

LOCK TABLES `comments` WRITE;
/*!40000 ALTER TABLE `comments` DISABLE KEYS */;
INSERT INTO `comments` VALUES (1,56,6,'risus semper porta volutpat','2016-02-11 09:40:00','2018-05-28 08:08:07'),(2,27,12,'ut dolor morbi vel','2015-07-03 02:52:49','2015-12-21 01:54:20'),(3,12,79,'venenatis turpis enim blandit mi in porttitor','2020-01-31 21:35:46','2014-06-06 08:07:07'),(4,58,47,'scelerisque mauris sit amet eros','2014-04-12 00:30:04','2011-09-12 15:11:12'),(5,57,15,'hac habitasse platea dictumst maecenas','2013-05-13 13:57:46','2020-02-14 23:32:58'),(6,7,26,'curae duis faucibus accumsan odio','2016-10-30 08:51:38','2011-04-08 16:32:59'),(7,37,27,'ante ipsum primis in faucibus orci','2019-08-13 12:15:44','2014-12-28 16:12:41'),(8,46,24,'lorem id ligula suspendisse ornare consequat','2012-04-30 01:20:54','2017-12-28 01:10:16'),(9,36,83,'ligula in lacus','2016-09-04 18:11:23','2011-12-02 17:56:19'),(10,71,24,'nulla sed vel enim sit amet nunc','2019-03-22 14:28:58','2018-12-29 13:20:01'),(11,9,22,'diam erat fermentum justo nec condimentum','2016-09-28 16:24:37','2012-09-20 01:29:29'),(12,48,60,'diam erat fermentum justo nec condimentum neque','2013-06-16 23:35:38','2018-01-22 00:22:41'),(13,65,39,'iaculis diam erat','2012-12-16 19:37:07','2010-11-26 21:22:50'),(14,36,82,'nulla ac enim in tempor turpis','2020-04-22 15:30:11','2018-04-03 06:02:56'),(15,52,57,'sit amet turpis elementum ligula vehicula consequat','2019-06-17 08:54:07','2015-01-19 21:39:01'),(16,33,24,'turpis a pede posuere nonummy','2014-02-05 11:29:03','2011-01-28 11:42:20'),(17,45,40,'mauris viverra diam vitae','2010-08-04 13:38:24','2015-08-09 11:17:50'),(18,74,78,'sapien sapien non mi integer ac neque','2019-07-01 07:21:05','2018-12-08 21:44:30'),(19,99,51,'orci eget orci vehicula','2010-09-16 21:44:48','2018-09-25 13:34:03'),(20,49,96,'augue luctus tincidunt nulla mollis molestie','2012-04-01 04:47:21','2015-12-23 21:58:54'),(21,81,25,'primis in faucibus orci luctus','2011-02-06 18:49:08','2012-05-22 00:16:25'),(22,7,20,'porttitor id consequat in consequat ut nulla','2018-05-05 12:51:53','2018-10-20 01:02:53'),(23,74,68,'maecenas leo odio','2020-07-13 08:39:01','2019-06-16 06:03:29'),(24,99,95,'sit amet nulla quisque','2012-11-06 10:13:59','2014-01-10 01:38:42'),(25,41,87,'nisl aenean lectus pellentesque eget','2012-10-23 20:06:09','2015-11-08 11:57:09'),(26,28,27,'in imperdiet et commodo','2020-02-08 04:42:59','2012-04-04 03:56:21'),(27,100,73,'vel nulla eget eros elementum pellentesque','2013-06-04 05:36:42','2012-10-25 04:33:28'),(28,39,5,'nec molestie sed','2020-01-13 13:38:24','2017-04-26 03:48:29'),(29,99,4,'vel enim sit amet nunc viverra dapibus','2014-10-22 10:39:36','2010-11-13 09:43:38'),(30,79,30,'suspendisse potenti in eleifend quam','2017-11-26 06:25:39','2019-09-16 04:14:54'),(31,79,44,'erat nulla tempus','2017-11-06 18:00:57','2017-05-16 05:36:02'),(32,43,38,'luctus et ultrices','2013-05-05 15:44:09','2012-05-17 09:27:03'),(33,79,57,'venenatis turpis enim blandit mi','2017-07-16 18:43:05','2011-08-08 20:24:03'),(34,15,30,'cras mi pede malesuada in','2015-05-04 09:59:26','2020-02-26 09:27:10'),(35,5,100,'in consequat ut nulla','2019-09-19 21:39:53','2017-12-14 22:01:55'),(36,100,72,'platea dictumst maecenas ut','2018-01-24 01:04:57','2018-08-30 21:58:52'),(37,4,58,'potenti cras in purus','2015-07-21 17:45:09','2017-09-30 07:57:30'),(38,63,87,'sollicitudin mi sit amet lobortis','2016-05-18 12:37:23','2020-05-24 01:19:05'),(39,76,5,'enim leo rhoncus sed vestibulum','2012-05-31 04:03:18','2019-04-04 18:10:15'),(40,7,78,'quis turpis eget elit sodales scelerisque mauris','2015-01-07 02:03:21','2015-05-30 23:49:18'),(41,62,55,'vitae nisl aenean lectus','2013-09-30 10:12:06','2016-07-08 18:52:03'),(42,6,22,'elementum eu interdum eu tincidunt in leo','2017-11-11 09:13:15','2018-05-15 15:57:47'),(43,23,71,'id nulla ultrices aliquet maecenas leo','2019-03-16 09:54:51','2017-08-16 19:08:31'),(44,69,71,'pellentesque eget nunc','2012-03-06 09:10:49','2020-06-30 14:39:48'),(45,3,39,'eros vestibulum ac est lacinia nisi venenatis','2018-12-16 20:24:54','2012-08-08 06:42:13'),(46,86,17,'fermentum donec ut','2019-05-19 00:12:14','2017-01-12 20:10:50'),(47,55,80,'eget elit sodales scelerisque mauris','2016-12-25 02:19:40','2018-09-06 05:05:02'),(48,57,28,'vivamus vestibulum sagittis','2011-03-01 14:47:25','2011-07-30 18:11:28'),(49,28,24,'suspendisse potenti nullam porttitor lacus','2019-06-24 21:35:52','2019-04-26 05:08:50'),(50,49,55,'eu sapien cursus','2016-04-12 23:38:54','2020-01-10 20:34:23'),(51,39,82,'sapien dignissim vestibulum vestibulum','2020-01-15 20:26:35','2019-11-23 02:05:01'),(52,75,42,'aenean auctor gravida sem praesent','2014-03-07 01:45:15','2017-12-27 04:22:27'),(53,48,39,'ut massa quis augue luctus tincidunt nulla','2015-03-30 14:27:42','2013-09-15 20:42:00'),(54,69,20,'nulla nunc purus phasellus in felis','2017-11-13 17:19:07','2018-07-18 13:40:03'),(55,70,14,'erat eros viverra eget','2019-09-14 02:59:52','2010-11-10 03:28:15'),(56,47,8,'etiam faucibus cursus urna ut tellus nulla','2012-04-17 17:30:09','2010-12-05 02:10:59'),(57,79,56,'venenatis lacinia aenean','2015-04-28 17:56:06','2019-03-07 08:37:27'),(58,60,66,'curae mauris viverra diam vitae','2019-10-18 14:26:20','2017-09-04 02:23:49'),(59,58,77,'vestibulum ante ipsum primis in faucibus','2012-06-23 17:58:23','2011-02-12 17:23:49'),(60,46,85,'in lectus pellentesque at nulla suspendisse','2011-07-28 06:27:31','2013-06-26 15:09:13'),(61,55,35,'sit amet sapien dignissim vestibulum','2013-06-22 17:19:32','2019-07-02 05:37:22'),(62,63,16,'varius ut blandit non interdum','2018-08-30 10:58:26','2017-01-10 03:40:19'),(63,46,57,'eget tincidunt eget tempus vel pede','2010-11-25 10:19:41','2010-11-29 13:01:15'),(64,8,64,'libero rutrum ac lobortis vel','2015-02-13 04:06:54','2015-05-23 03:57:41'),(65,69,52,'erat quisque erat eros viverra','2014-12-04 07:14:45','2013-01-08 06:15:36'),(66,5,46,'nulla justo aliquam','2016-11-15 16:15:01','2012-05-30 18:29:25'),(67,64,60,'libero nam dui','2020-01-03 16:37:21','2017-04-25 14:15:55'),(68,48,43,'imperdiet nullam orci pede venenatis non','2012-08-02 00:37:40','2015-03-22 09:49:55'),(69,65,79,'viverra diam vitae quam suspendisse','2020-07-03 08:06:36','2014-03-26 05:29:45'),(70,7,7,'mauris viverra diam vitae','2017-10-02 23:46:11','2016-09-22 18:11:22'),(71,6,47,'aliquam lacus morbi quis tortor id','2011-06-26 17:35:18','2016-07-17 16:30:42'),(72,4,19,'vulputate vitae nisl aenean lectus pellentesque eget','2013-11-27 06:37:54','2018-03-11 19:06:58'),(73,27,27,'sit amet nunc viverra dapibus','2013-04-15 17:26:34','2014-01-18 19:53:13'),(74,75,71,'facilisi cras non','2014-03-22 05:16:50','2012-05-20 08:51:59'),(75,19,15,'vestibulum sagittis sapien cum sociis natoque penatibus','2017-03-23 03:06:56','2012-04-06 04:07:39'),(76,56,23,'sed tincidunt eu felis','2013-09-22 18:41:11','2015-05-02 06:42:53'),(77,6,85,'vel nisl duis ac nibh fusce','2013-07-13 10:27:55','2013-11-08 22:48:23'),(78,57,70,'montes nascetur ridiculus mus','2019-03-28 01:51:00','2014-11-21 06:13:31'),(79,99,57,'quis orci nullam molestie nibh in','2019-04-15 04:24:29','2014-10-20 20:50:27'),(80,5,2,'sapien urna pretium nisl ut','2015-12-11 10:42:23','2018-01-19 00:21:41'),(81,42,92,'ut dolor morbi vel lectus in quam','2014-10-17 19:31:01','2012-03-03 17:09:21'),(82,22,6,'faucibus orci luctus et ultrices posuere cubilia','2013-03-22 12:47:50','2017-10-17 08:19:38'),(83,58,96,'arcu adipiscing molestie hendrerit at vulputate vitae','2013-08-18 10:22:02','2018-12-07 14:56:23'),(84,18,55,'eget vulputate ut ultrices','2017-02-17 04:55:13','2015-12-09 01:30:55'),(85,24,89,'lorem ipsum dolor','2018-08-14 20:09:57','2014-04-26 11:01:32'),(86,43,28,'mauris lacinia sapien quis libero nullam sit','2016-02-10 03:48:20','2017-08-04 05:12:48'),(87,15,81,'ut massa quis','2017-02-07 10:20:38','2015-08-16 02:06:04'),(88,66,36,'sed tristique in tempus','2016-06-15 16:43:27','2012-09-21 23:11:39'),(89,65,57,'luctus tincidunt nulla mollis molestie','2018-08-19 18:22:43','2016-07-20 06:21:08'),(90,47,61,'neque libero convallis eget','2019-09-26 10:29:00','2016-08-21 19:52:43'),(91,69,1,'justo in blandit ultrices enim lorem ipsum','2015-05-17 17:15:02','2013-01-25 12:53:33'),(92,72,10,'erat vestibulum sed magna at nunc commodo','2014-10-13 00:53:34','2011-03-20 01:10:33'),(93,30,78,'est phasellus sit','2014-03-02 04:24:36','2012-02-03 23:40:01'),(94,68,82,'volutpat quam pede lobortis ligula sit','2019-09-17 21:00:11','2014-12-28 17:12:26'),(95,72,26,'augue aliquam erat','2019-08-09 03:35:41','2011-04-23 23:08:05'),(96,30,94,'posuere nonummy integer non velit donec diam','2015-02-24 05:10:43','2019-04-21 22:55:47'),(97,56,31,'augue vel accumsan tellus nisi','2020-02-17 21:40:49','2016-03-11 12:03:10'),(98,70,60,'ac lobortis vel dapibus','2011-03-19 17:14:10','2015-08-27 21:09:22'),(99,43,15,'commodo placerat praesent blandit nam','2020-01-11 05:49:09','2013-08-11 11:55:32'),(100,78,59,'maecenas rhoncus aliquam','2012-08-03 23:43:11','2012-09-26 09:26:44');
/*!40000 ALTER TABLE `comments` ENABLE KEYS */;
UNLOCK TABLES;

--
-- Table structure for table `communities`
--

DROP TABLE IF EXISTS `communities`;
/*!40101 SET @saved_cs_client     = @@character_set_client */;
/*!50503 SET character_set_client = utf8mb4 */;
CREATE TABLE `communities` (
  `id` bigint unsigned NOT NULL AUTO_INCREMENT,
  `name` varchar(255) DEFAULT NULL,
  PRIMARY KEY (`id`),
  UNIQUE KEY `id` (`id`),
  KEY `name` (`name`)
) ENGINE=InnoDB AUTO_INCREMENT=101 DEFAULT CHARSET=utf8mb4 COLLATE=utf8mb4_0900_ai_ci;
/*!40101 SET character_set_client = @saved_cs_client */;

--
-- Dumping data for table `communities`
--

LOCK TABLES `communities` WRITE;
/*!40000 ALTER TABLE `communities` DISABLE KEYS */;
INSERT INTO `communities` VALUES (1,'Alfa'),(31,'Alfa'),(61,'Bravo'),(84,'Bravo'),(35,'Charlie'),(50,'Charlie'),(4,'Delta'),(16,'Echo'),(34,'Echo'),(40,'Echo'),(48,'Echo'),(96,'Echo'),(13,'Foxtrot'),(27,'Foxtrot'),(41,'Foxtrot'),(95,'Foxtrot'),(99,'Golf'),(42,'Hotel'),(3,'India'),(24,'India'),(60,'India'),(72,'India'),(74,'India'),(78,'India'),(83,'India'),(92,'India'),(2,'Juliett'),(32,'Juliett'),(85,'Juliett'),(6,'Kilo'),(17,'Kilo'),(26,'Kilo'),(38,'Kilo'),(43,'Kilo'),(59,'Kilo'),(5,'Lima'),(10,'Lima'),(30,'Mike'),(36,'Mike'),(45,'Mike'),(63,'Mike'),(93,'Mike'),(7,'November'),(11,'November'),(20,'November'),(23,'November'),(28,'November'),(51,'November'),(88,'November'),(91,'November'),(39,'Oscar'),(47,'Oscar'),(54,'Oscar'),(57,'Oscar'),(65,'Oscar'),(80,'Oscar'),(82,'Oscar'),(15,'Papa'),(44,'Papa'),(46,'Papa'),(52,'Papa'),(94,'Papa'),(18,'Quebec'),(75,'Quebec'),(29,'Romeo'),(33,'Romeo'),(37,'Romeo'),(49,'Romeo'),(21,'Sierra'),(62,'Sierra'),(68,'Sierra'),(76,'Tango'),(87,'Tango'),(56,'Uniform'),(70,'Uniform'),(22,'Victor'),(25,'Victor'),(71,'Victor'),(86,'Victor'),(90,'Whiskey'),(8,'X-ray'),(9,'X-ray'),(12,'X-ray'),(19,'X-ray'),(67,'X-ray'),(77,'X-ray'),(79,'X-ray'),(81,'X-ray'),(100,'X-ray'),(14,'Yankee'),(55,'Yankee'),(58,'Yankee'),(64,'Yankee'),(69,'Yankee'),(97,'Yankee'),(98,'Yankee'),(53,'Zulu'),(66,'Zulu'),(73,'Zulu'),(89,'Zulu');
/*!40000 ALTER TABLE `communities` ENABLE KEYS */;
UNLOCK TABLES;

--
-- Table structure for table `friend_requests`
--

DROP TABLE IF EXISTS `friend_requests`;
/*!40101 SET @saved_cs_client     = @@character_set_client */;
/*!50503 SET character_set_client = utf8mb4 */;
CREATE TABLE `friend_requests` (
  `initiator_user_id` bigint unsigned NOT NULL,
  `target_user_id` bigint unsigned NOT NULL,
  `status` enum('requested','approved','unfriended','declined') DEFAULT 'requested',
  `requested_at` datetime DEFAULT CURRENT_TIMESTAMP,
  `confirmed_at` datetime DEFAULT NULL,
  PRIMARY KEY (`initiator_user_id`,`target_user_id`),
  KEY `initiator_user_id` (`initiator_user_id`),
  KEY `target_user_id` (`target_user_id`),
  CONSTRAINT `friend_requests_ibfk_1` FOREIGN KEY (`initiator_user_id`) REFERENCES `users` (`id`),
  CONSTRAINT `friend_requests_ibfk_2` FOREIGN KEY (`target_user_id`) REFERENCES `users` (`id`)
) ENGINE=InnoDB DEFAULT CHARSET=utf8mb4 COLLATE=utf8mb4_0900_ai_ci;
/*!40101 SET character_set_client = @saved_cs_client */;

--
-- Dumping data for table `friend_requests`
--

LOCK TABLES `friend_requests` WRITE;
/*!40000 ALTER TABLE `friend_requests` DISABLE KEYS */;
INSERT INTO `friend_requests` VALUES (1,74,'declined','2018-11-07 12:55:12','2020-04-24 22:00:37'),(2,7,'approved','2014-12-24 19:38:30','2020-02-13 23:19:14'),(2,99,'unfriended','2017-04-04 05:31:57','2020-01-28 14:23:47'),(4,31,'unfriended','2010-11-02 03:14:11','2020-04-04 17:49:48'),(5,34,'unfriended','2017-04-08 10:15:45','2020-01-18 08:44:53'),(5,99,'approved','2013-02-05 23:52:24','2020-05-04 00:12:41'),(5,100,'unfriended','2014-11-06 10:42:00','2020-06-30 18:29:26'),(6,33,'approved','2013-05-23 09:57:21','2020-06-01 22:27:33'),(6,40,'requested','2010-12-07 19:04:03','2020-01-03 05:54:33'),(7,17,'unfriended','2019-12-24 09:08:09','2020-06-11 11:32:31'),(7,44,'requested','2019-04-14 10:01:58','2020-03-30 17:07:50'),(8,27,'approved','2020-05-23 05:09:31','2020-06-18 10:44:19'),(9,14,'declined','2012-07-18 14:57:09','2020-02-20 05:13:28'),(9,18,'approved','2014-03-03 15:00:52','2020-06-30 01:08:51'),(10,62,'approved','2012-12-24 04:46:21','2020-02-12 08:31:40'),(11,15,'approved','2018-10-06 05:32:48','2020-04-16 05:30:46'),(11,56,'unfriended','2015-07-15 08:16:41','2020-07-10 04:38:15'),(12,40,'requested','2016-12-13 09:16:35','2020-06-21 04:45:56'),(13,41,'requested','2016-06-22 22:49:52','2020-05-11 04:19:06'),(14,45,'unfriended','2019-12-10 21:13:18','2020-03-06 17:07:19'),(14,56,'approved','2013-06-19 01:35:26','2020-03-04 05:27:11'),(14,66,'declined','2017-07-29 01:12:44','2020-01-13 13:32:49'),(17,8,'approved','2012-06-28 06:45:38','2020-05-23 07:45:54'),(17,31,'declined','2011-08-08 23:27:48','2020-01-12 09:03:46'),(18,51,'requested','2014-11-18 20:38:15','2020-01-12 16:18:58'),(21,69,'declined','2016-06-20 16:37:12','2020-02-05 03:30:54'),(22,100,'unfriended','2016-02-24 21:13:31','2020-06-17 16:23:49'),(23,4,'unfriended','2012-06-02 17:27:06','2020-06-15 06:45:58'),(23,37,'unfriended','2010-08-26 09:49:23','2020-03-05 15:32:08'),(24,81,'declined','2020-06-03 06:31:12','2020-01-21 21:42:33'),(25,99,'requested','2016-01-14 14:06:36','2020-06-26 08:12:17'),(27,58,'approved','2014-08-12 19:16:29','2020-04-07 04:52:04'),(27,86,'declined','2010-04-29 13:22:00','2020-03-22 05:46:38'),(29,42,'approved','2012-10-19 14:49:32','2020-06-26 14:39:45'),(29,47,'declined','2014-01-07 12:23:57','2020-06-29 09:39:58'),(29,64,'approved','2020-05-14 04:41:59','2020-02-04 13:31:47'),(29,99,'requested','2018-12-02 15:40:02','2020-04-15 09:08:01'),(30,94,'approved','2011-04-29 20:08:30','2020-01-18 07:12:15'),(33,30,'approved','2019-06-28 22:45:31','2020-06-30 07:47:26'),(33,100,'unfriended','2017-12-22 07:52:30','2020-04-17 23:47:44'),(34,15,'declined','2018-12-12 04:16:05','2020-02-26 20:12:53'),(35,15,'approved','2013-12-26 06:02:33','2020-05-21 08:33:28'),(37,7,'unfriended','2018-07-17 07:53:31','2020-01-14 17:00:25'),(37,72,'unfriended','2019-06-01 15:08:13','2020-04-15 15:07:06'),(37,80,'unfriended','2017-04-22 13:44:56','2020-01-10 22:07:26'),(41,91,'requested','2017-09-30 17:10:06','2020-01-07 11:19:21'),(41,98,'unfriended','2012-09-10 00:07:01','2020-07-01 00:57:51'),(42,52,'requested','2012-02-17 08:02:43','2020-01-09 19:57:57'),(43,18,'requested','2019-12-06 08:13:39','2020-05-06 23:58:04'),(44,87,'declined','2018-01-23 07:51:33','2020-05-06 09:18:16'),(45,60,'unfriended','2017-11-15 20:47:30','2020-04-05 20:40:37'),(46,76,'approved','2017-05-10 20:31:15','2020-06-22 01:27:34'),(47,26,'requested','2013-08-27 06:15:38','2020-02-24 12:17:58'),(47,88,'unfriended','2010-02-04 05:27:00','2020-01-26 16:05:59'),(49,74,'requested','2010-03-22 16:56:16','2020-03-28 15:05:52'),(50,85,'requested','2015-07-02 07:39:44','2020-05-21 19:57:59'),(54,25,'approved','2013-05-10 10:46:07','2020-03-16 11:32:38'),(54,67,'approved','2012-10-01 12:07:31','2020-07-03 07:41:32'),(55,45,'approved','2017-12-30 10:22:50','2020-05-25 05:49:27'),(57,31,'unfriended','2017-02-12 04:42:38','2020-03-15 22:26:40'),(62,63,'declined','2018-02-11 00:47:38','2020-03-08 02:26:38'),(63,49,'unfriended','2013-02-11 02:55:08','2020-07-02 02:08:41'),(65,40,'declined','2017-01-16 01:18:43','2020-04-23 16:00:18'),(67,18,'declined','2012-12-14 03:40:21','2020-06-04 05:48:43'),(67,61,'declined','2012-11-06 07:55:47','2020-06-24 09:06:54'),(70,91,'requested','2017-07-08 09:48:43','2020-02-27 10:21:30'),(73,12,'requested','2012-10-12 08:04:22','2020-02-09 19:47:51'),(73,97,'approved','2012-07-07 14:36:24','2020-02-28 10:13:53'),(74,35,'approved','2017-07-07 19:32:57','2020-06-21 04:34:59'),(74,36,'requested','2010-06-03 21:25:02','2020-02-19 17:50:29'),(74,49,'unfriended','2013-04-25 18:52:12','2020-01-06 23:22:27'),(75,31,'unfriended','2014-01-30 15:04:14','2020-02-17 14:45:24'),(75,83,'unfriended','2011-05-11 05:00:07','2020-03-29 19:14:15'),(76,44,'approved','2010-05-30 01:38:33','2020-07-02 19:05:52'),(76,88,'approved','2010-03-27 12:35:06','2020-04-22 08:08:49'),(77,19,'approved','2012-06-15 12:57:15','2020-01-14 04:03:24'),(78,2,'declined','2014-09-06 16:40:15','2020-05-25 03:34:16'),(78,78,'declined','2018-10-13 20:16:50','2020-05-03 16:08:51'),(78,80,'unfriended','2010-06-27 02:07:00','2020-04-17 07:22:27'),(80,73,'requested','2016-08-10 05:43:16','2020-05-25 21:23:56'),(80,85,'unfriended','2015-11-23 20:36:55','2020-02-19 21:08:51'),(81,100,'requested','2013-08-21 04:10:57','2020-04-04 11:54:40'),(82,1,'approved','2015-08-16 16:19:45','2020-07-11 12:50:00'),(82,88,'requested','2013-01-08 12:55:53','2020-05-04 08:13:42'),(83,34,'approved','2018-08-04 22:10:01','2020-05-21 15:31:08'),(85,4,'unfriended','2016-02-16 22:22:24','2020-06-06 17:23:58'),(89,73,'declined','2015-02-12 05:06:49','2020-07-05 12:38:34'),(90,69,'declined','2020-03-13 17:53:28','2020-04-26 17:35:54'),(91,75,'unfriended','2016-09-22 07:21:06','2020-05-07 17:57:52'),(93,10,'requested','2011-02-24 14:36:29','2020-05-22 08:20:21'),(93,93,'approved','2013-02-28 23:00:23','2020-03-08 05:20:21'),(94,12,'requested','2020-05-30 17:50:02','2020-01-11 11:29:38'),(94,73,'requested','2013-10-22 15:36:43','2020-02-26 14:26:04'),(95,64,'approved','2013-08-11 23:38:29','2020-02-28 09:44:43'),(96,23,'declined','2013-02-18 11:32:26','2020-06-02 13:24:46'),(96,88,'approved','2010-09-22 06:11:19','2020-03-20 00:13:14'),(97,21,'declined','2015-08-22 04:30:52','2020-02-01 12:40:22'),(98,16,'unfriended','2012-10-03 22:11:00','2020-04-05 22:26:38'),(100,9,'approved','2020-01-27 21:12:05','2020-02-28 13:56:42'),(100,85,'requested','2018-10-29 16:38:36','2020-01-27 10:27:24');
/*!40000 ALTER TABLE `friend_requests` ENABLE KEYS */;
UNLOCK TABLES;

--
-- Table structure for table `likes_photo`
--

DROP TABLE IF EXISTS `likes_photo`;
/*!40101 SET @saved_cs_client     = @@character_set_client */;
/*!50503 SET character_set_client = utf8mb4 */;
CREATE TABLE `likes_photo` (
  `id` bigint unsigned NOT NULL AUTO_INCREMENT,
  `user_id` bigint unsigned NOT NULL,
  `photo_id` bigint unsigned NOT NULL,
  `created_at` datetime DEFAULT CURRENT_TIMESTAMP,
  PRIMARY KEY (`id`),
  UNIQUE KEY `id` (`id`),
  KEY `user_id` (`user_id`),
  KEY `photo_id` (`photo_id`),
  CONSTRAINT `likes_photo_ibfk_1` FOREIGN KEY (`user_id`) REFERENCES `users` (`id`),
  CONSTRAINT `likes_photo_ibfk_2` FOREIGN KEY (`photo_id`) REFERENCES `photo` (`id`)
) ENGINE=InnoDB AUTO_INCREMENT=101 DEFAULT CHARSET=utf8mb4 COLLATE=utf8mb4_0900_ai_ci;
/*!40101 SET character_set_client = @saved_cs_client */;

--
-- Dumping data for table `likes_photo`
--

LOCK TABLES `likes_photo` WRITE;
/*!40000 ALTER TABLE `likes_photo` DISABLE KEYS */;
INSERT INTO `likes_photo` VALUES (1,45,93,'2012-06-06 16:32:37'),(2,100,60,'2017-01-07 09:44:03'),(3,51,88,'2014-09-12 07:31:24'),(4,56,95,'2013-06-30 11:30:47'),(5,97,88,'2015-07-23 09:59:45'),(6,64,13,'2013-10-27 08:39:11'),(7,28,75,'2020-02-24 00:08:57'),(8,84,80,'2020-02-17 19:32:14'),(9,47,25,'2020-01-10 06:33:17'),(10,49,79,'2016-12-17 17:03:44'),(11,24,76,'2020-02-26 07:43:06'),(12,41,35,'2018-03-14 06:01:45'),(13,29,95,'2010-11-16 01:48:16'),(14,81,93,'2018-01-31 02:05:47'),(15,95,26,'2018-01-02 14:53:07'),(16,54,2,'2018-09-04 07:21:27'),(17,61,15,'2019-05-13 04:41:47'),(18,2,51,'2011-08-15 02:57:30'),(19,48,23,'2017-05-13 13:38:42'),(20,91,66,'2013-04-22 21:18:27'),(21,9,24,'2017-10-13 07:39:03'),(22,92,49,'2019-04-01 21:27:30'),(23,77,52,'2019-02-03 14:38:09'),(24,93,72,'2012-02-22 00:22:56'),(25,45,44,'2014-06-02 17:15:08'),(26,24,25,'2013-06-28 07:29:29'),(27,21,90,'2016-03-09 20:45:30'),(28,12,62,'2018-05-19 04:04:38'),(29,58,25,'2011-01-06 20:02:35'),(30,97,42,'2020-03-20 17:32:02'),(31,81,29,'2015-03-29 21:26:38'),(32,8,98,'2014-11-19 20:39:18'),(33,22,80,'2012-10-07 09:05:54'),(34,85,20,'2011-06-24 07:13:19'),(35,47,93,'2018-10-05 00:34:11'),(36,23,1,'2012-12-06 17:58:41'),(37,67,96,'2011-03-10 02:13:15'),(38,85,85,'2011-09-19 07:52:05'),(39,6,34,'2010-12-03 12:32:47'),(40,85,85,'2019-10-25 07:36:14'),(41,93,22,'2015-09-08 05:01:17'),(42,40,76,'2014-05-24 12:55:23'),(43,56,19,'2013-02-03 00:24:57'),(44,41,100,'2020-07-08 17:42:36'),(45,10,48,'2018-03-26 12:21:45'),(46,9,81,'2014-04-02 07:32:39'),(47,39,95,'2016-04-26 04:44:07'),(48,34,55,'2016-12-15 18:10:32'),(49,28,46,'2016-11-01 23:42:07'),(50,38,36,'2012-03-26 02:56:16'),(51,31,29,'2018-05-17 07:41:43'),(52,59,36,'2013-09-07 09:56:31'),(53,5,44,'2011-08-21 15:26:22'),(54,95,58,'2017-03-13 23:16:52'),(55,92,52,'2016-06-22 03:44:48'),(56,69,45,'2014-07-17 01:11:41'),(57,90,91,'2015-09-09 00:44:59'),(58,34,46,'2019-02-03 23:15:49'),(59,93,3,'2019-09-20 17:03:34'),(60,7,32,'2014-09-13 07:31:13'),(61,41,80,'2013-02-21 23:29:23'),(62,63,90,'2019-10-22 08:15:49'),(63,9,65,'2011-05-21 23:05:55'),(64,48,9,'2015-10-20 21:39:50'),(65,17,28,'2019-10-22 08:30:52'),(66,75,67,'2019-05-24 13:19:28'),(67,94,26,'2014-06-16 03:46:27'),(68,5,4,'2018-07-16 21:13:43'),(69,71,44,'2013-11-28 01:25:45'),(70,18,90,'2012-04-23 09:31:25'),(71,45,86,'2012-12-23 21:28:33'),(72,42,14,'2014-10-13 14:23:37'),(73,36,72,'2019-11-10 12:50:56'),(74,62,56,'2010-07-30 09:14:19'),(75,79,15,'2018-11-15 21:47:19'),(76,8,11,'2013-01-21 07:59:52'),(77,80,54,'2014-10-12 14:48:49'),(78,68,3,'2017-05-24 20:19:22'),(79,58,63,'2012-06-24 03:57:05'),(80,36,70,'2011-10-30 00:15:04'),(81,63,72,'2016-05-11 14:35:33'),(82,78,93,'2013-05-25 15:44:53'),(83,12,14,'2011-05-25 01:07:37'),(84,55,95,'2018-10-12 13:28:11'),(85,62,98,'2017-06-09 18:49:51'),(86,63,100,'2015-06-29 16:34:57'),(87,35,29,'2011-11-20 19:40:02'),(88,89,24,'2019-01-18 06:18:43'),(89,97,86,'2011-05-06 08:03:28'),(90,83,32,'2019-04-21 12:24:57'),(91,33,1,'2018-01-24 07:22:01'),(92,16,36,'2015-07-02 20:27:46'),(93,79,99,'2017-08-14 16:05:16'),(94,36,86,'2016-03-17 11:25:12'),(95,75,59,'2017-10-29 04:21:09'),(96,54,42,'2010-08-06 00:37:07'),(97,62,56,'2017-08-31 22:25:57'),(98,48,71,'2019-09-21 20:09:05'),(99,57,71,'2014-11-02 05:00:35'),(100,33,27,'2019-07-29 13:33:48');
/*!40000 ALTER TABLE `likes_photo` ENABLE KEYS */;
UNLOCK TABLES;

--
-- Table structure for table `likes_posts`
--

DROP TABLE IF EXISTS `likes_posts`;
/*!40101 SET @saved_cs_client     = @@character_set_client */;
/*!50503 SET character_set_client = utf8mb4 */;
CREATE TABLE `likes_posts` (
  `id` bigint unsigned NOT NULL AUTO_INCREMENT,
  `user_id` bigint unsigned NOT NULL,
  `post_id` bigint unsigned NOT NULL,
  `created_at` datetime DEFAULT CURRENT_TIMESTAMP,
  PRIMARY KEY (`id`),
  UNIQUE KEY `id` (`id`),
  KEY `user_id` (`user_id`),
  KEY `post_id` (`post_id`),
  CONSTRAINT `likes_posts_ibfk_1` FOREIGN KEY (`user_id`) REFERENCES `users` (`id`),
  CONSTRAINT `likes_posts_ibfk_2` FOREIGN KEY (`post_id`) REFERENCES `posts` (`id`)
) ENGINE=InnoDB AUTO_INCREMENT=101 DEFAULT CHARSET=utf8mb4 COLLATE=utf8mb4_0900_ai_ci;
/*!40101 SET character_set_client = @saved_cs_client */;

--
-- Dumping data for table `likes_posts`
--

LOCK TABLES `likes_posts` WRITE;
/*!40000 ALTER TABLE `likes_posts` DISABLE KEYS */;
INSERT INTO `likes_posts` VALUES (1,67,36,'2012-12-13 20:59:37'),(2,32,41,'2012-08-26 11:42:39'),(3,16,83,'2011-03-23 20:17:51'),(4,80,30,'2013-10-06 04:24:42'),(5,32,60,'2019-01-20 00:19:39'),(6,87,62,'2018-09-19 17:47:06'),(7,62,52,'2020-05-29 16:14:28'),(8,83,98,'2015-06-01 23:46:36'),(9,33,95,'2014-10-18 14:54:58'),(10,64,58,'2017-06-06 22:45:39'),(11,10,77,'2019-01-07 03:57:41'),(12,66,2,'2019-08-24 15:54:26'),(13,45,39,'2019-12-16 21:39:35'),(14,80,1,'2011-08-13 00:05:39'),(15,29,32,'2016-04-07 09:24:28'),(16,8,2,'2019-06-26 23:37:03'),(17,54,77,'2015-01-20 02:57:30'),(18,4,30,'2013-02-25 09:31:41'),(19,13,91,'2011-04-02 20:53:19'),(20,88,99,'2018-08-07 20:51:26'),(21,71,81,'2020-06-02 14:23:10'),(22,93,44,'2015-03-13 03:36:01'),(23,76,82,'2016-09-02 00:54:51'),(24,78,71,'2020-01-14 09:59:14'),(25,80,79,'2010-12-09 23:37:42'),(26,32,61,'2018-10-29 08:04:05'),(27,86,1,'2014-06-15 02:10:06'),(28,90,79,'2015-11-11 04:45:35'),(29,100,31,'2016-09-24 07:32:12'),(30,40,96,'2015-11-28 01:56:56'),(31,20,16,'2014-11-09 11:28:43'),(32,5,76,'2019-11-30 01:33:57'),(33,45,66,'2017-01-20 05:00:39'),(34,94,44,'2017-07-01 07:19:15'),(35,70,76,'2018-07-26 23:59:10'),(36,2,22,'2012-02-19 19:34:23'),(37,10,9,'2019-09-26 18:35:25'),(38,68,18,'2015-06-22 01:36:50'),(39,31,4,'2015-04-24 21:58:24'),(40,73,19,'2010-10-15 22:10:15'),(41,36,91,'2020-01-28 05:19:36'),(42,22,90,'2015-04-15 09:20:47'),(43,34,8,'2017-09-03 01:28:33'),(44,62,43,'2013-05-05 07:48:04'),(45,58,77,'2020-04-24 11:08:15'),(46,70,3,'2010-10-26 01:57:31'),(47,43,31,'2011-09-30 01:44:37'),(48,88,58,'2016-11-10 09:37:18'),(49,73,5,'2019-03-12 12:12:12'),(50,47,13,'2015-10-31 13:12:21'),(51,25,65,'2017-01-17 13:13:43'),(52,19,67,'2020-07-10 22:29:32'),(53,96,79,'2015-02-16 15:15:50'),(54,84,88,'2019-02-01 14:26:35'),(55,7,10,'2015-08-24 04:34:40'),(56,77,36,'2015-05-31 00:34:52'),(57,40,96,'2018-10-10 17:56:30'),(58,64,42,'2012-11-12 06:28:53'),(59,60,24,'2015-03-01 22:30:08'),(60,66,33,'2015-05-01 07:09:49'),(61,70,3,'2014-10-19 20:43:41'),(62,76,74,'2020-03-14 00:18:58'),(63,11,69,'2015-08-21 02:50:00'),(64,81,90,'2017-01-05 20:46:57'),(65,58,59,'2015-11-16 13:04:03'),(66,25,77,'2014-06-13 12:45:51'),(67,10,46,'2011-09-14 12:23:53'),(68,6,29,'2014-08-03 18:55:01'),(69,24,82,'2011-11-20 06:56:51'),(70,58,25,'2018-04-22 23:13:47'),(71,40,50,'2019-09-06 01:50:08'),(72,36,67,'2013-08-13 05:52:20'),(73,73,84,'2012-05-31 14:23:05'),(74,9,65,'2010-11-16 19:10:16'),(75,10,21,'2018-04-30 06:55:36'),(76,90,72,'2010-12-30 06:43:29'),(77,100,48,'2019-08-29 08:56:32'),(78,30,67,'2013-01-16 14:59:46'),(79,77,78,'2011-02-02 03:41:46'),(80,35,72,'2018-10-05 13:36:48'),(81,33,88,'2015-09-21 06:32:45'),(82,14,97,'2020-02-06 16:52:07'),(83,92,74,'2011-08-06 13:24:26'),(84,74,81,'2016-01-27 21:07:51'),(85,87,27,'2014-02-18 10:11:18'),(86,97,48,'2019-02-19 23:54:26'),(87,74,97,'2019-05-26 10:40:29'),(88,86,67,'2013-10-01 16:49:48'),(89,78,62,'2014-06-26 14:19:06'),(90,43,83,'2016-05-11 10:40:34'),(91,91,30,'2017-01-17 21:19:54'),(92,63,54,'2014-11-17 21:26:15'),(93,6,28,'2012-10-26 22:35:02'),(94,23,52,'2019-06-27 12:39:52'),(95,72,40,'2018-04-26 16:39:53'),(96,68,73,'2018-04-22 23:47:54'),(97,20,91,'2013-09-02 23:43:03'),(98,55,9,'2011-12-11 21:47:23'),(99,57,3,'2015-03-07 08:02:47'),(100,12,26,'2010-10-20 08:55:49');
/*!40000 ALTER TABLE `likes_posts` ENABLE KEYS */;
UNLOCK TABLES;

--
-- Table structure for table `messages`
--

DROP TABLE IF EXISTS `messages`;
/*!40101 SET @saved_cs_client     = @@character_set_client */;
/*!50503 SET character_set_client = utf8mb4 */;
CREATE TABLE `messages` (
  `id` bigint unsigned NOT NULL AUTO_INCREMENT,
  `from_user_id` bigint unsigned NOT NULL,
  `to_user_id` bigint unsigned NOT NULL,
  `body` text,
  `is_read` tinyint(1) DEFAULT NULL,
  `created_at` datetime DEFAULT CURRENT_TIMESTAMP,
  PRIMARY KEY (`id`),
  UNIQUE KEY `id` (`id`),
  KEY `from_user_id` (`from_user_id`),
  KEY `to_user_id` (`to_user_id`),
  CONSTRAINT `messages_ibfk_1` FOREIGN KEY (`from_user_id`) REFERENCES `users` (`id`),
  CONSTRAINT `messages_ibfk_2` FOREIGN KEY (`to_user_id`) REFERENCES `users` (`id`)
) ENGINE=InnoDB AUTO_INCREMENT=101 DEFAULT CHARSET=utf8mb4 COLLATE=utf8mb4_0900_ai_ci;
/*!40101 SET character_set_client = @saved_cs_client */;

--
-- Dumping data for table `messages`
--

LOCK TABLES `messages` WRITE;
/*!40000 ALTER TABLE `messages` DISABLE KEYS */;
INSERT INTO `messages` VALUES (1,43,36,'libero quis orci nullam molestie nibh in',0,'2020-06-14 08:29:10'),(2,8,45,'suscipit a feugiat et eros vestibulum ac est lacinia nisi',0,'2020-05-25 18:45:08'),(3,44,48,'integer ac leo pellentesque ultrices mattis odio donec vitae nisi',0,'2020-06-15 07:22:43'),(4,73,95,'tincidunt in leo maecenas pulvinar lobortis',1,'2020-01-29 15:45:42'),(5,41,25,'aenean sit amet justo morbi ut odio cras',1,'2020-02-29 18:09:41'),(6,58,60,'eu est congue elementum in hac habitasse platea dictumst',1,'2020-03-21 21:53:49'),(7,83,1,'nunc vestibulum ante ipsum primis in faucibus',1,'2020-05-13 17:55:34'),(8,50,87,'ligula in lacus curabitur at ipsum',0,'2020-05-05 23:58:37'),(9,15,30,'luctus et ultrices posuere cubilia',0,'2020-05-31 00:38:49'),(10,34,20,'in faucibus orci luctus et',1,'2020-06-20 01:44:48'),(11,14,10,'cras non velit nec nisi vulputate',1,'2020-03-18 22:02:58'),(12,67,26,'in ante vestibulum ante ipsum',1,'2020-01-14 21:15:06'),(13,97,26,'neque duis bibendum morbi non quam',1,'2020-01-05 08:39:50'),(14,98,86,'in faucibus orci luctus et ultrices posuere',0,'2020-01-03 13:51:25'),(15,28,94,'felis sed lacus morbi sem mauris laoreet ut',0,'2020-03-18 17:50:28'),(16,8,10,'nisl venenatis lacinia aenean sit',0,'2020-02-10 09:31:38'),(17,15,64,'habitasse platea dictumst morbi vestibulum velit id pretium iaculis diam',1,'2020-07-07 17:37:59'),(18,46,91,'ac est lacinia nisi venenatis tristique fusce congue diam',1,'2020-06-22 11:55:55'),(19,16,57,'ligula vehicula consequat morbi a',0,'2020-03-05 14:16:56'),(20,35,14,'id ornare imperdiet sapien urna pretium',0,'2020-04-11 19:27:52'),(21,98,20,'ac nibh fusce lacus purus aliquet at feugiat',1,'2020-05-21 21:35:40'),(22,66,69,'est lacinia nisi venenatis tristique fusce congue diam',1,'2020-02-10 12:50:50'),(23,40,30,'id mauris vulputate elementum nullam varius nulla facilisi',1,'2020-05-16 11:44:45'),(24,42,20,'hendrerit at vulputate vitae nisl aenean lectus',1,'2020-05-02 14:28:06'),(25,43,72,'nascetur ridiculus mus vivamus vestibulum sagittis sapien',1,'2020-01-29 09:00:16'),(26,63,99,'rutrum nulla tellus in sagittis dui vel nisl duis ac',1,'2020-06-29 20:27:15'),(27,55,67,'hac habitasse platea dictumst maecenas ut massa quis',0,'2020-01-04 03:31:07'),(28,57,67,'urna pretium nisl ut volutpat sapien arcu sed',1,'2020-05-21 00:42:43'),(29,99,83,'mattis pulvinar nulla pede ullamcorper augue a suscipit nulla elit',0,'2020-06-11 15:23:00'),(30,54,65,'a suscipit nulla elit ac nulla',0,'2020-05-04 14:47:29'),(31,24,50,'massa quis augue luctus tincidunt',0,'2020-05-26 08:56:14'),(32,65,97,'ut ultrices vel augue vestibulum ante ipsum primis in faucibus',1,'2020-03-04 21:39:17'),(33,38,68,'duis bibendum felis sed interdum venenatis turpis enim blandit mi',0,'2020-05-01 06:14:49'),(34,41,48,'duis mattis egestas metus aenean fermentum donec',0,'2020-04-15 13:50:41'),(35,96,100,'tincidunt lacus at velit vivamus vel',1,'2020-01-19 15:39:40'),(36,54,75,'eget rutrum at lorem integer tincidunt',1,'2020-01-26 04:15:41'),(37,4,93,'placerat ante nulla justo aliquam',0,'2020-07-17 16:12:20'),(38,88,62,'cursus vestibulum proin eu mi',0,'2020-01-29 09:51:20'),(39,100,77,'vestibulum aliquet ultrices erat tortor sollicitudin',0,'2020-04-28 05:30:32'),(40,23,58,'amet lobortis sapien sapien non mi integer ac',1,'2020-04-16 00:22:33'),(41,69,81,'morbi non quam nec dui luctus rutrum',1,'2020-01-26 15:42:12'),(42,29,90,'proin at turpis a pede posuere nonummy',1,'2020-04-05 17:02:55'),(43,43,14,'nec molestie sed justo pellentesque viverra pede ac diam',1,'2020-05-08 02:04:35'),(44,50,34,'nisl duis bibendum felis sed interdum venenatis turpis enim blandit',1,'2020-05-11 21:16:04'),(45,75,33,'laoreet ut rhoncus aliquet pulvinar sed nisl nunc rhoncus',0,'2020-02-08 09:00:09'),(46,90,66,'consequat ut nulla sed accumsan',0,'2020-07-07 22:07:29'),(47,25,56,'nunc proin at turpis a pede posuere nonummy',0,'2020-07-01 12:25:19'),(48,67,23,'sit amet sapien dignissim vestibulum vestibulum ante',0,'2020-03-07 03:22:23'),(49,19,81,'posuere felis sed lacus morbi sem mauris',1,'2020-04-08 23:23:00'),(50,53,69,'nibh in lectus pellentesque at nulla',1,'2020-06-21 08:49:24'),(51,82,97,'maecenas leo odio condimentum id luctus nec molestie',1,'2020-05-05 06:10:39'),(52,76,1,'ipsum dolor sit amet consectetuer adipiscing elit proin risus praesent',0,'2020-05-24 02:06:17'),(53,63,83,'sem mauris laoreet ut rhoncus aliquet pulvinar sed nisl nunc',0,'2020-05-13 07:13:54'),(54,59,52,'venenatis tristique fusce congue diam id ornare imperdiet',1,'2020-04-05 21:12:54'),(55,37,62,'quis lectus suspendisse potenti in eleifend quam',1,'2020-06-10 03:47:31'),(56,89,34,'integer ac leo pellentesque ultrices mattis odio',1,'2020-03-18 03:10:11'),(57,47,76,'eros suspendisse accumsan tortor quis turpis sed',0,'2020-02-17 00:57:18'),(58,45,43,'vestibulum quam sapien varius ut blandit non',1,'2020-01-11 10:44:12'),(59,94,51,'consectetuer adipiscing elit proin risus praesent lectus vestibulum',1,'2020-01-09 09:09:50'),(60,91,100,'sapien sapien non mi integer ac neque duis',1,'2020-06-06 17:37:21'),(61,33,43,'tincidunt in leo maecenas pulvinar lobortis',1,'2020-05-16 00:50:25'),(62,15,43,'sed interdum venenatis turpis enim',0,'2020-01-08 22:15:26'),(63,2,99,'proin risus praesent lectus vestibulum',0,'2020-02-15 19:26:20'),(64,51,29,'tellus nisi eu orci mauris lacinia sapien',0,'2020-07-02 02:55:32'),(65,61,27,'ac enim in tempor turpis nec euismod scelerisque quam turpis',0,'2020-01-22 01:03:02'),(66,10,89,'orci pede venenatis non sodales sed tincidunt eu',0,'2020-04-18 08:10:50'),(67,88,36,'vel nulla eget eros elementum',0,'2020-06-28 09:16:53'),(68,48,75,'nulla nunc purus phasellus in felis donec',0,'2020-06-13 21:09:24'),(69,6,81,'justo sollicitudin ut suscipit a feugiat',0,'2020-02-09 12:47:34'),(70,46,82,'venenatis lacinia aenean sit amet justo morbi ut odio cras',1,'2020-02-08 07:34:36'),(71,75,86,'dapibus nulla suscipit ligula in lacus curabitur at ipsum ac',1,'2020-06-02 05:26:55'),(72,94,72,'scelerisque mauris sit amet eros',1,'2020-04-12 01:52:48'),(73,94,34,'neque vestibulum eget vulputate ut ultrices vel augue vestibulum ante',0,'2020-07-08 14:26:52'),(74,99,23,'donec ut mauris eget massa tempor convallis',0,'2020-01-24 11:25:41'),(75,62,20,'nulla pede ullamcorper augue a suscipit nulla',0,'2020-05-05 10:59:27'),(76,51,50,'sociis natoque penatibus et magnis',0,'2020-03-16 20:17:58'),(77,18,53,'odio odio elementum eu interdum eu',0,'2020-02-07 02:13:35'),(78,73,60,'ultrices posuere cubilia curae nulla dapibus dolor vel est',0,'2020-02-22 07:06:00'),(79,21,9,'ante ipsum primis in faucibus orci',1,'2020-05-23 05:09:23'),(80,72,36,'sapien arcu sed augue aliquam erat volutpat',0,'2020-04-19 03:13:59'),(81,7,3,'ut volutpat sapien arcu sed augue aliquam erat volutpat',0,'2020-05-01 11:15:48'),(82,63,96,'tincidunt nulla mollis molestie lorem quisque ut erat curabitur',0,'2020-02-14 21:00:27'),(83,92,29,'elementum pellentesque quisque porta volutpat erat quisque',1,'2020-05-08 07:57:04'),(84,62,88,'pede morbi porttitor lorem id ligula suspendisse ornare consequat lectus',0,'2020-05-30 13:25:48'),(85,5,16,'eget semper rutrum nulla nunc purus',0,'2020-04-18 23:50:06'),(86,1,84,'pellentesque quisque porta volutpat erat quisque erat eros viverra',0,'2020-03-31 18:08:52'),(87,52,97,'eu magna vulputate luctus cum sociis',1,'2020-03-26 13:48:37'),(88,35,8,'nulla justo aliquam quis turpis eget elit sodales scelerisque',0,'2020-01-29 11:09:33'),(89,99,7,'mattis egestas metus aenean fermentum donec',1,'2020-05-23 11:48:24'),(90,17,23,'phasellus sit amet erat nulla tempus',0,'2020-02-14 08:16:36'),(91,58,52,'sed justo pellentesque viverra pede ac diam',1,'2020-04-25 18:38:52'),(92,4,98,'vestibulum vestibulum ante ipsum primis in faucibus orci luctus et',0,'2020-01-08 20:12:18'),(93,50,53,'in faucibus orci luctus et ultrices posuere',1,'2020-05-13 21:42:20'),(94,52,87,'cras mi pede malesuada in imperdiet',1,'2020-05-22 22:20:47'),(95,81,94,'pharetra magna vestibulum aliquet ultrices erat tortor sollicitudin mi',1,'2020-01-28 19:29:47'),(96,85,71,'at diam nam tristique tortor eu',1,'2020-04-17 15:22:24'),(97,66,19,'tellus nulla ut erat id',1,'2020-05-05 21:54:42'),(98,43,84,'praesent blandit nam nulla integer pede justo',0,'2020-03-16 00:18:00'),(99,20,72,'proin risus praesent lectus vestibulum quam sapien varius ut blandit',0,'2020-02-11 15:56:49'),(100,59,57,'nullam varius nulla facilisi cras non velit',1,'2020-05-02 05:43:33');
/*!40000 ALTER TABLE `messages` ENABLE KEYS */;
UNLOCK TABLES;

--
-- Table structure for table `photo`
--

DROP TABLE IF EXISTS `photo`;
/*!40101 SET @saved_cs_client     = @@character_set_client */;
/*!50503 SET character_set_client = utf8mb4 */;
CREATE TABLE `photo` (
  `id` bigint unsigned NOT NULL AUTO_INCREMENT,
  `file` varchar(255) DEFAULT NULL,
  `user_id` bigint unsigned NOT NULL,
  `description` text,
  `created_at` datetime DEFAULT CURRENT_TIMESTAMP,
  `updated_at` datetime DEFAULT CURRENT_TIMESTAMP ON UPDATE CURRENT_TIMESTAMP,
  PRIMARY KEY (`id`),
  UNIQUE KEY `id` (`id`),
  KEY `user_id` (`user_id`),
  CONSTRAINT `photo_ibfk_1` FOREIGN KEY (`user_id`) REFERENCES `users` (`id`)
) ENGINE=InnoDB AUTO_INCREMENT=101 DEFAULT CHARSET=utf8mb4 COLLATE=utf8mb4_0900_ai_ci;
/*!40101 SET character_set_client = @saved_cs_client */;

--
-- Dumping data for table `photo`
--

LOCK TABLES `photo` WRITE;
/*!40000 ALTER TABLE `photo` DISABLE KEYS */;
INSERT INTO `photo` VALUES (1,'http://dummyimage.com/181x234.png/ff4444/ffffff',63,'cubilia curae mauris viverra diam','2018-11-29 00:15:01','2011-07-06 20:52:23'),(2,'http://dummyimage.com/247x250.png/cc0000/ffffff',89,'lacus at velit vivamus vel nulla eget','2016-09-02 11:51:20','2014-07-12 11:11:28'),(3,'http://dummyimage.com/141x207.png/cc0000/ffffff',58,'aliquam erat volutpat in congue etiam justo','2017-01-24 22:50:26','2011-03-07 06:41:14'),(4,'http://dummyimage.com/185x201.bmp/ff4444/ffffff',47,'elementum nullam varius nulla facilisi cras non','2012-03-23 11:18:17','2017-06-04 17:34:40'),(5,'http://dummyimage.com/171x145.bmp/ff4444/ffffff',90,'in faucibus orci luctus et','2013-07-24 11:32:01','2016-07-05 11:55:53'),(6,'http://dummyimage.com/250x141.jpg/dddddd/000000',85,'nonummy maecenas tincidunt lacus at','2019-07-10 02:16:21','2010-08-24 23:48:24'),(7,'http://dummyimage.com/213x213.bmp/ff4444/ffffff',97,'lorem vitae mattis nibh','2016-04-10 22:29:30','2017-05-29 15:32:30'),(8,'http://dummyimage.com/102x173.jpg/ff4444/ffffff',27,'felis fusce posuere felis','2017-06-06 13:32:17','2012-02-11 21:44:30'),(9,'http://dummyimage.com/234x134.png/dddddd/000000',92,'vivamus tortor duis','2019-01-05 22:29:46','2019-07-29 03:03:31'),(10,'http://dummyimage.com/109x188.png/dddddd/000000',91,'ac diam cras pellentesque','2016-07-31 06:02:17','2012-08-31 03:59:44'),(11,'http://dummyimage.com/124x129.png/ff4444/ffffff',60,'platea dictumst aliquam augue','2020-06-13 11:36:38','2019-03-24 17:11:13'),(12,'http://dummyimage.com/219x111.bmp/ff4444/ffffff',61,'justo eu massa','2012-08-02 09:16:46','2011-09-01 04:46:25'),(13,'http://dummyimage.com/107x132.png/cc0000/ffffff',83,'felis eu sapien cursus vestibulum','2019-08-08 11:29:19','2011-09-26 03:23:54'),(14,'http://dummyimage.com/239x208.png/5fa2dd/ffffff',52,'sem praesent id massa id nisl','2013-04-28 06:43:04','2012-06-03 16:48:35'),(15,'http://dummyimage.com/234x149.png/dddddd/000000',97,'erat curabitur gravida','2012-07-03 13:47:50','2019-08-06 21:14:40'),(16,'http://dummyimage.com/123x199.bmp/cc0000/ffffff',86,'eget orci vehicula condimentum curabitur in','2016-12-20 14:14:38','2018-06-22 23:08:08'),(17,'http://dummyimage.com/118x213.jpg/dddddd/000000',2,'mauris enim leo rhoncus','2015-11-20 22:30:10','2014-12-22 02:42:11'),(18,'http://dummyimage.com/175x246.bmp/5fa2dd/ffffff',6,'blandit ultrices enim lorem ipsum dolor','2017-08-12 03:07:48','2014-06-06 11:59:59'),(19,'http://dummyimage.com/226x161.jpg/dddddd/000000',20,'mi integer ac','2012-01-10 02:38:16','2018-12-18 13:15:17'),(20,'http://dummyimage.com/100x243.jpg/5fa2dd/ffffff',73,'volutpat sapien arcu sed','2013-03-18 20:11:07','2016-12-03 01:49:39'),(21,'http://dummyimage.com/130x136.jpg/cc0000/ffffff',50,'adipiscing elit proin interdum mauris','2019-09-16 22:19:54','2011-12-08 09:00:52'),(22,'http://dummyimage.com/117x177.png/cc0000/ffffff',86,'ac consequat metus sapien','2018-06-20 01:44:36','2010-08-15 13:39:07'),(23,'http://dummyimage.com/104x233.jpg/ff4444/ffffff',53,'nisl nunc nisl duis bibendum felis','2013-11-13 20:03:25','2016-02-10 04:58:15'),(24,'http://dummyimage.com/248x106.jpg/cc0000/ffffff',50,'lorem ipsum dolor sit amet consectetuer adipiscing','2015-07-14 09:15:37','2016-03-25 18:31:54'),(25,'http://dummyimage.com/151x221.bmp/dddddd/000000',39,'eleifend pede libero quis orci','2010-09-10 17:34:27','2020-02-28 13:18:30'),(26,'http://dummyimage.com/174x108.jpg/dddddd/000000',7,'potenti nullam porttitor','2011-11-02 15:56:59','2019-12-09 20:33:41'),(27,'http://dummyimage.com/220x183.bmp/ff4444/ffffff',7,'turpis adipiscing lorem vitae mattis nibh ligula','2010-09-28 15:42:30','2018-12-28 11:50:31'),(28,'http://dummyimage.com/155x152.png/5fa2dd/ffffff',57,'ut volutpat sapien arcu sed','2016-01-31 16:40:35','2017-04-18 13:09:20'),(29,'http://dummyimage.com/147x158.jpg/cc0000/ffffff',97,'donec dapibus duis at velit eu','2011-11-14 20:30:26','2016-09-09 23:14:23'),(30,'http://dummyimage.com/167x223.jpg/ff4444/ffffff',76,'integer ac neque duis bibendum','2014-12-05 16:31:25','2016-03-05 09:55:33'),(31,'http://dummyimage.com/110x221.png/5fa2dd/ffffff',69,'mauris sit amet eros suspendisse accumsan','2015-09-16 23:31:06','2012-10-05 11:43:48'),(32,'http://dummyimage.com/244x239.bmp/ff4444/ffffff',32,'nulla ac enim in tempor','2020-04-08 17:17:20','2011-10-12 21:51:05'),(33,'http://dummyimage.com/142x220.bmp/dddddd/000000',36,'in sagittis dui vel','2012-07-25 21:51:36','2017-12-05 22:13:24'),(34,'http://dummyimage.com/115x142.bmp/dddddd/000000',68,'nullam orci pede','2011-09-12 07:33:26','2013-12-11 17:34:57'),(35,'http://dummyimage.com/106x141.jpg/5fa2dd/ffffff',86,'ut at dolor','2015-09-05 22:33:04','2017-02-02 06:06:12'),(36,'http://dummyimage.com/128x104.jpg/dddddd/000000',65,'turpis a pede posuere nonummy integer','2012-08-17 22:53:37','2010-11-17 11:58:59'),(37,'http://dummyimage.com/105x116.png/dddddd/000000',91,'tempor convallis nulla neque libero','2014-07-31 13:53:50','2016-01-22 19:32:20'),(38,'http://dummyimage.com/119x142.bmp/ff4444/ffffff',69,'curae donec pharetra magna','2015-02-25 03:36:03','2013-01-20 01:40:25'),(39,'http://dummyimage.com/136x112.bmp/5fa2dd/ffffff',70,'lectus in est risus auctor','2011-09-07 18:07:52','2014-10-11 00:41:36'),(40,'http://dummyimage.com/242x151.png/cc0000/ffffff',33,'donec pharetra magna vestibulum aliquet ultrices','2018-01-26 11:46:37','2016-02-22 13:52:57'),(41,'http://dummyimage.com/230x130.bmp/5fa2dd/ffffff',1,'nisl nunc nisl','2010-12-27 17:51:07','2019-10-08 18:54:09'),(42,'http://dummyimage.com/109x238.png/dddddd/000000',28,'nulla ultrices aliquet maecenas','2018-10-26 07:50:16','2012-01-17 17:42:29'),(43,'http://dummyimage.com/159x118.bmp/cc0000/ffffff',48,'ac neque duis bibendum morbi','2015-07-20 19:18:47','2020-02-06 09:38:50'),(44,'http://dummyimage.com/108x146.png/5fa2dd/ffffff',86,'semper interdum mauris','2013-12-14 06:17:17','2019-12-06 23:12:30'),(45,'http://dummyimage.com/183x106.png/cc0000/ffffff',79,'nisi vulputate nonummy maecenas tincidunt','2015-07-25 05:09:43','2018-12-05 13:02:06'),(46,'http://dummyimage.com/191x213.jpg/ff4444/ffffff',48,'a odio in','2012-05-17 18:18:16','2019-09-23 19:35:32'),(47,'http://dummyimage.com/214x171.png/5fa2dd/ffffff',61,'vel pede morbi','2010-09-16 00:00:37','2013-10-08 09:24:18'),(48,'http://dummyimage.com/180x239.bmp/5fa2dd/ffffff',19,'risus praesent lectus vestibulum','2016-04-18 16:03:25','2017-02-13 21:12:42'),(49,'http://dummyimage.com/213x209.bmp/dddddd/000000',12,'orci nullam molestie nibh in','2011-03-03 10:28:49','2013-12-07 23:19:13'),(50,'http://dummyimage.com/249x157.png/dddddd/000000',42,'cras in purus eu magna vulputate','2020-01-27 13:23:55','2018-09-19 01:52:57'),(51,'http://dummyimage.com/149x227.bmp/5fa2dd/ffffff',38,'felis sed lacus morbi sem mauris','2017-12-23 04:34:29','2016-03-02 07:20:41'),(52,'http://dummyimage.com/147x113.bmp/ff4444/ffffff',32,'in hac habitasse platea dictumst morbi vestibulum','2014-11-30 14:32:10','2014-04-20 17:00:04'),(53,'http://dummyimage.com/232x151.png/dddddd/000000',55,'faucibus orci luctus et ultrices','2013-05-18 08:35:10','2014-08-30 10:45:19'),(54,'http://dummyimage.com/197x232.bmp/dddddd/000000',18,'dictumst aliquam augue quam sollicitudin vitae consectetuer','2011-08-30 07:51:52','2018-05-23 13:56:43'),(55,'http://dummyimage.com/121x107.jpg/ff4444/ffffff',82,'nullam sit amet turpis elementum ligula','2013-04-05 11:14:00','2019-03-02 11:32:12'),(56,'http://dummyimage.com/170x164.png/cc0000/ffffff',12,'quisque erat eros','2018-06-24 05:25:22','2018-02-18 08:26:06'),(57,'http://dummyimage.com/239x172.jpg/cc0000/ffffff',62,'mauris sit amet eros suspendisse accumsan','2012-09-30 00:31:55','2019-07-28 02:37:45'),(58,'http://dummyimage.com/172x206.jpg/cc0000/ffffff',77,'eu est congue elementum in','2018-08-14 15:43:44','2018-12-30 21:42:28'),(59,'http://dummyimage.com/161x216.png/ff4444/ffffff',56,'mollis molestie lorem','2013-06-09 10:13:09','2010-10-21 02:05:02'),(60,'http://dummyimage.com/212x244.bmp/cc0000/ffffff',20,'cras mi pede malesuada','2016-07-03 18:17:47','2017-02-02 15:01:18'),(61,'http://dummyimage.com/218x201.jpg/dddddd/000000',32,'venenatis turpis enim blandit mi in','2020-01-06 04:25:57','2017-04-06 16:24:10'),(62,'http://dummyimage.com/179x134.bmp/dddddd/000000',28,'ac nibh fusce lacus','2015-03-25 20:00:41','2018-08-08 04:29:59'),(63,'http://dummyimage.com/113x154.jpg/cc0000/ffffff',58,'ipsum aliquam non mauris morbi non lectus','2015-06-19 06:46:08','2017-03-30 01:03:01'),(64,'http://dummyimage.com/106x160.bmp/cc0000/ffffff',3,'vitae consectetuer eget rutrum at lorem','2018-02-24 08:22:31','2010-11-01 01:05:31'),(65,'http://dummyimage.com/160x171.jpg/5fa2dd/ffffff',44,'fusce posuere felis sed lacus','2014-01-04 13:41:28','2015-02-01 20:35:03'),(66,'http://dummyimage.com/226x199.bmp/5fa2dd/ffffff',55,'curabitur gravida nisi at nibh in','2015-12-18 14:26:51','2013-09-23 12:07:13'),(67,'http://dummyimage.com/163x247.jpg/cc0000/ffffff',26,'nulla facilisi cras non velit nec','2020-06-04 11:11:51','2017-08-04 04:53:29'),(68,'http://dummyimage.com/210x220.bmp/cc0000/ffffff',10,'quisque id justo sit amet sapien dignissim','2018-03-09 04:36:59','2020-01-20 09:15:02'),(69,'http://dummyimage.com/124x107.png/cc0000/ffffff',66,'fermentum donec ut mauris eget massa','2014-06-23 04:50:47','2015-06-22 13:46:20'),(70,'http://dummyimage.com/200x188.bmp/5fa2dd/ffffff',67,'posuere cubilia curae donec pharetra','2010-12-17 07:48:46','2014-03-07 20:28:28'),(71,'http://dummyimage.com/203x163.bmp/cc0000/ffffff',42,'dictumst aliquam augue quam sollicitudin vitae','2014-09-16 13:09:52','2017-07-23 04:01:43'),(72,'http://dummyimage.com/211x201.bmp/ff4444/ffffff',86,'mi integer ac neque duis','2013-08-29 07:02:37','2019-03-07 08:46:39'),(73,'http://dummyimage.com/230x136.jpg/ff4444/ffffff',5,'duis bibendum morbi non quam nec dui','2019-01-22 21:33:42','2014-02-06 01:53:52'),(74,'http://dummyimage.com/131x242.jpg/cc0000/ffffff',12,'eu massa donec dapibus','2019-06-26 14:23:23','2017-12-27 16:05:18'),(75,'http://dummyimage.com/204x121.bmp/dddddd/000000',28,'cursus vestibulum proin eu','2015-08-22 06:01:38','2018-10-17 19:28:40'),(76,'http://dummyimage.com/212x113.bmp/ff4444/ffffff',69,'sit amet nulla quisque','2014-09-16 04:03:54','2018-06-03 21:37:28'),(77,'http://dummyimage.com/213x163.bmp/ff4444/ffffff',28,'at feugiat non','2010-11-28 07:20:24','2020-06-06 16:36:56'),(78,'http://dummyimage.com/137x152.png/cc0000/ffffff',94,'tristique in tempus sit','2018-12-22 01:22:23','2013-03-18 07:25:13'),(79,'http://dummyimage.com/240x221.jpg/cc0000/ffffff',86,'pretium nisl ut volutpat sapien arcu sed','2017-04-06 12:32:09','2014-09-15 22:57:31'),(80,'http://dummyimage.com/238x123.bmp/cc0000/ffffff',90,'proin interdum mauris non','2019-04-14 01:22:35','2016-05-30 10:42:33'),(81,'http://dummyimage.com/240x241.bmp/5fa2dd/ffffff',22,'malesuada in imperdiet et commodo vulputate justo','2017-06-27 11:58:23','2016-09-20 00:13:01'),(82,'http://dummyimage.com/247x123.jpg/cc0000/ffffff',1,'sit amet turpis elementum ligula','2013-06-30 14:33:55','2017-02-06 12:45:41'),(83,'http://dummyimage.com/234x119.bmp/5fa2dd/ffffff',8,'quam fringilla rhoncus','2020-05-16 18:10:10','2014-03-12 09:53:45'),(84,'http://dummyimage.com/220x101.jpg/cc0000/ffffff',9,'a odio in hac habitasse','2019-03-18 09:06:47','2011-09-02 09:55:35'),(85,'http://dummyimage.com/216x165.png/5fa2dd/ffffff',19,'odio curabitur convallis duis consequat dui nec','2013-01-02 04:06:31','2017-07-19 16:28:21'),(86,'http://dummyimage.com/105x235.bmp/cc0000/ffffff',49,'at nunc commodo placerat','2019-12-17 12:15:49','2014-05-02 04:37:22'),(87,'http://dummyimage.com/101x166.png/dddddd/000000',33,'dolor quis odio consequat varius','2016-07-11 18:20:46','2012-01-24 21:40:22'),(88,'http://dummyimage.com/115x244.png/dddddd/000000',68,'placerat ante nulla justo aliquam quis turpis','2012-05-16 00:00:15','2016-04-19 06:13:00'),(89,'http://dummyimage.com/143x144.png/ff4444/ffffff',40,'curae duis faucibus accumsan odio curabitur convallis','2017-06-04 14:33:23','2013-07-05 20:13:32'),(90,'http://dummyimage.com/176x233.bmp/cc0000/ffffff',65,'parturient montes nascetur ridiculus mus etiam','2017-08-09 13:06:16','2012-01-01 21:01:30'),(91,'http://dummyimage.com/139x118.bmp/5fa2dd/ffffff',42,'ipsum primis in','2012-05-06 06:30:03','2020-04-21 10:28:59'),(92,'http://dummyimage.com/100x222.bmp/5fa2dd/ffffff',32,'vulputate justo in blandit ultrices enim','2012-04-02 10:19:18','2012-06-03 08:05:15'),(93,'http://dummyimage.com/140x150.bmp/cc0000/ffffff',79,'aliquet maecenas leo odio','2015-04-17 10:30:09','2012-03-05 15:26:39'),(94,'http://dummyimage.com/199x199.bmp/5fa2dd/ffffff',76,'vestibulum vestibulum ante ipsum primis','2013-01-23 16:23:54','2012-09-05 19:32:23'),(95,'http://dummyimage.com/120x168.png/ff4444/ffffff',56,'ut nulla sed accumsan','2014-05-14 20:00:24','2016-05-19 08:58:04'),(96,'http://dummyimage.com/139x202.jpg/cc0000/ffffff',34,'cursus id turpis integer','2016-10-09 00:40:21','2015-09-12 09:55:37'),(97,'http://dummyimage.com/250x207.bmp/ff4444/ffffff',23,'blandit ultrices enim','2013-08-14 01:39:06','2015-07-25 01:46:45'),(98,'http://dummyimage.com/142x135.bmp/5fa2dd/ffffff',10,'nunc viverra dapibus','2016-09-28 21:38:00','2011-08-29 17:28:15'),(99,'http://dummyimage.com/124x247.jpg/cc0000/ffffff',53,'mattis egestas metus aenean fermentum','2016-01-22 08:02:43','2014-04-08 10:56:44'),(100,'http://dummyimage.com/249x136.bmp/dddddd/000000',38,'tellus in sagittis dui','2020-02-23 06:20:27','2020-02-27 13:44:45');
/*!40000 ALTER TABLE `photo` ENABLE KEYS */;
UNLOCK TABLES;

--
-- Table structure for table `posts`
--

DROP TABLE IF EXISTS `posts`;
/*!40101 SET @saved_cs_client     = @@character_set_client */;
/*!50503 SET character_set_client = utf8mb4 */;
CREATE TABLE `posts` (
  `id` bigint unsigned NOT NULL AUTO_INCREMENT,
  `user_id` bigint unsigned NOT NULL,
  `body` text,
  `attachments` json DEFAULT NULL,
  `metadata` json DEFAULT NULL,
  `created_at` datetime DEFAULT CURRENT_TIMESTAMP,
  `updated_at` datetime DEFAULT CURRENT_TIMESTAMP ON UPDATE CURRENT_TIMESTAMP,
  PRIMARY KEY (`id`),
  UNIQUE KEY `id` (`id`),
  KEY `user_id` (`user_id`),
  CONSTRAINT `posts_ibfk_1` FOREIGN KEY (`user_id`) REFERENCES `users` (`id`)
) ENGINE=InnoDB AUTO_INCREMENT=101 DEFAULT CHARSET=utf8mb4 COLLATE=utf8mb4_0900_ai_ci;
/*!40101 SET character_set_client = @saved_cs_client */;

--
-- Dumping data for table `posts`
--

LOCK TABLES `posts` WRITE;
/*!40000 ALTER TABLE `posts` DISABLE KEYS */;
INSERT INTO `posts` VALUES (1,15,'quis augue luctus tincidunt nulla mollis','[{}]','[{}, {}]','2013-11-26 08:58:44','2017-07-20 22:47:13'),(2,36,'porta volutpat quam pede lobortis ligula sit amet eleifend','[{}, {}, {}, {}]','[{}, {}, {}]','2011-12-18 17:10:24','2013-10-19 19:08:13'),(3,58,'suscipit ligula in lacus curabitur at ipsum ac tellus','[{}, {}, {}, {}]','[{}, {}]','2016-09-01 12:46:22','2013-10-19 03:50:08'),(4,4,'amet cursus id turpis integer aliquet massa','[{}, {}, {}, {}, {}]','[{}, {}, {}]','2018-12-23 19:52:09','2016-02-07 11:57:09'),(5,30,'ante ipsum primis in faucibus orci luctus','[{}, {}, {}, {}, {}]','[{}]','2013-02-09 10:32:03','2018-04-12 08:45:01'),(6,10,'quis odio consequat varius integer ac leo pellentesque ultrices mattis','[{}, {}, {}, {}]','[{}, {}]','2016-04-16 10:06:32','2012-01-01 01:40:41'),(7,58,'aliquet at feugiat non pretium quis lectus suspendisse potenti in','[{}, {}, {}]','[{}]','2017-08-02 19:55:02','2012-11-18 02:41:51'),(8,58,'vestibulum eget vulputate ut ultrices','[{}, {}, {}, {}]','[{}, {}]','2013-02-04 21:28:35','2019-01-11 03:09:47'),(9,37,'nec euismod scelerisque quam turpis adipiscing','[{}]','[{}]','2015-09-21 04:00:18','2016-03-30 04:15:43'),(10,96,'vehicula consequat morbi a ipsum integer a','[{}, {}, {}, {}, {}]','[{}, {}]','2018-03-26 11:53:47','2014-12-28 10:18:40'),(11,80,'tincidunt eget tempus vel pede','[{}]','[{}, {}, {}]','2010-10-01 05:18:47','2011-09-10 12:04:01'),(12,26,'non mi integer ac neque duis bibendum morbi non quam','[{}, {}]','[{}, {}, {}]','2013-02-24 19:20:56','2017-04-28 18:39:33'),(13,41,'ligula nec sem','[{}, {}, {}]','[{}, {}, {}]','2011-07-22 09:02:16','2019-06-04 23:01:08'),(14,12,'blandit mi in porttitor pede justo eu massa donec dapibus','[{}, {}]','[{}, {}]','2019-01-08 17:08:03','2015-04-02 15:26:46'),(15,31,'posuere cubilia curae donec pharetra magna vestibulum aliquet ultrices','[{}, {}, {}, {}]','[{}]','2013-08-23 18:59:42','2016-01-03 00:30:22'),(16,66,'sagittis sapien cum sociis','[{}]','[{}, {}]','2010-10-23 08:23:06','2019-10-02 13:01:46'),(17,89,'sit amet sem','[{}]','[{}]','2019-04-04 04:35:31','2013-06-23 11:14:58'),(18,100,'quis lectus suspendisse potenti','[{}, {}, {}, {}]','[{}, {}]','2018-12-25 07:12:25','2014-06-30 08:39:50'),(19,69,'nunc viverra dapibus nulla suscipit ligula in lacus','[{}, {}, {}]','[{}, {}]','2012-08-15 23:46:13','2016-02-10 19:22:18'),(20,85,'eget rutrum at','[{}, {}]','[{}, {}]','2010-11-24 03:43:22','2015-03-04 08:35:45'),(21,12,'nisl aenean lectus pellentesque','[{}, {}, {}]','[{}, {}, {}]','2018-12-18 11:58:42','2011-04-20 00:28:35'),(22,19,'orci vehicula condimentum curabitur in libero ut','[{}, {}, {}, {}, {}]','[{}, {}]','2015-01-18 03:13:54','2019-08-14 12:38:02'),(23,12,'ipsum aliquam non mauris morbi non lectus','[{}, {}, {}, {}, {}]','[{}, {}]','2013-03-19 21:47:24','2015-07-29 20:16:09'),(24,22,'id mauris vulputate elementum nullam varius nulla','[{}, {}, {}]','[{}, {}]','2012-11-09 13:09:20','2016-07-24 05:28:55'),(25,83,'lacinia nisi venenatis tristique','[{}, {}, {}, {}, {}]','[{}]','2016-06-28 20:06:45','2019-05-06 12:07:07'),(26,52,'nunc donec quis orci eget orci vehicula condimentum curabitur in','[{}, {}, {}]','[{}, {}]','2015-08-02 06:44:09','2018-12-24 12:46:21'),(27,65,'id consequat in','[{}, {}, {}, {}]','[{}, {}]','2016-08-09 19:12:53','2011-07-03 19:26:45'),(28,43,'sit amet turpis elementum ligula vehicula consequat morbi a','[{}, {}]','[{}]','2018-02-01 07:46:27','2018-10-20 17:42:52'),(29,69,'adipiscing elit proin','[{}, {}, {}, {}]','[{}, {}]','2014-07-13 15:45:18','2020-04-26 17:41:54'),(30,52,'nam nulla integer pede justo lacinia eget tincidunt eget tempus','[{}, {}]','[{}]','2020-05-26 04:16:44','2018-06-07 12:51:09'),(31,18,'diam id ornare imperdiet sapien urna','[{}, {}]','[{}, {}]','2019-02-09 19:14:30','2018-07-29 01:59:17'),(32,26,'dapibus duis at velit eu est congue','[{}, {}]','[{}]','2017-12-20 20:28:01','2016-12-21 19:53:55'),(33,28,'vestibulum sagittis sapien cum sociis natoque penatibus','[{}, {}]','[{}]','2018-05-03 02:49:31','2018-01-28 01:48:20'),(34,66,'ultrices posuere cubilia curae mauris viverra','[{}, {}, {}]','[{}]','2012-11-14 03:11:40','2012-06-13 04:26:04'),(35,93,'amet diam in magna bibendum','[{}, {}, {}, {}, {}]','[{}, {}, {}]','2014-11-01 13:34:11','2014-05-03 03:14:59'),(36,24,'lectus aliquam sit amet diam in','[{}, {}, {}, {}, {}]','[{}]','2020-05-15 04:50:02','2019-04-06 16:32:02'),(37,41,'potenti cras in purus eu magna','[{}]','[{}, {}]','2017-02-18 21:17:20','2013-03-26 18:52:56'),(38,93,'luctus tincidunt nulla mollis molestie lorem quisque ut erat curabitur','[{}, {}, {}]','[{}]','2018-07-26 22:32:13','2013-07-10 12:57:28'),(39,55,'nulla elit ac nulla sed vel enim sit amet nunc','[{}]','[{}]','2014-08-31 12:11:04','2019-11-03 21:59:26'),(40,9,'et eros vestibulum ac est lacinia nisi','[{}, {}, {}, {}]','[{}, {}]','2014-02-10 09:28:52','2020-01-07 18:06:50'),(41,4,'euismod scelerisque quam turpis adipiscing lorem vitae','[{}, {}, {}, {}]','[{}, {}]','2011-10-30 11:19:56','2015-02-06 21:58:38'),(42,25,'quam fringilla rhoncus mauris enim leo rhoncus sed vestibulum sit','[{}, {}]','[{}, {}]','2018-08-20 18:29:35','2017-04-30 02:48:40'),(43,72,'orci vehicula condimentum curabitur in libero ut massa','[{}]','[{}, {}, {}]','2011-12-02 00:16:57','2020-03-19 05:20:40'),(44,6,'eu mi nulla ac enim in tempor turpis nec','[{}, {}, {}, {}]','[{}, {}, {}]','2013-11-28 21:02:40','2013-05-18 18:35:51'),(45,22,'leo maecenas pulvinar','[{}, {}, {}]','[{}]','2014-02-25 11:27:40','2012-08-13 01:09:07'),(46,14,'potenti in eleifend quam a odio in hac','[{}, {}, {}, {}]','[{}]','2011-01-17 07:48:18','2014-09-09 07:12:24'),(47,33,'pellentesque ultrices mattis odio donec vitae nisi nam ultrices libero','[{}, {}, {}, {}, {}]','[{}]','2018-02-07 02:43:04','2017-06-22 13:59:30'),(48,1,'mattis egestas metus aenean fermentum donec ut','[{}, {}, {}, {}]','[{}]','2014-04-11 08:55:34','2014-05-26 09:39:21'),(49,82,'sapien a libero nam dui proin leo odio porttitor','[{}, {}, {}, {}, {}]','[{}, {}, {}]','2013-01-29 02:00:53','2013-01-21 23:18:28'),(50,52,'lorem quisque ut erat curabitur gravida','[{}, {}, {}, {}]','[{}, {}]','2013-11-22 19:15:57','2012-08-09 08:02:23'),(51,25,'fusce posuere felis sed lacus','[{}, {}]','[{}, {}, {}]','2020-06-25 03:28:36','2011-02-14 18:21:07'),(52,44,'ut ultrices vel augue vestibulum ante ipsum primis in faucibus','[{}, {}, {}, {}, {}]','[{}, {}, {}]','2020-04-19 09:27:38','2014-03-28 04:39:55'),(53,11,'tincidunt ante vel','[{}, {}, {}, {}, {}]','[{}, {}, {}]','2013-09-20 07:23:17','2014-10-04 21:29:35'),(54,55,'phasellus sit amet','[{}, {}, {}, {}, {}]','[{}]','2015-12-28 22:32:10','2018-11-18 05:00:54'),(55,26,'in libero ut massa volutpat convallis morbi odio','[{}]','[{}, {}, {}]','2018-03-13 23:06:44','2017-07-01 11:20:32'),(56,97,'pede ullamcorper augue a suscipit nulla elit ac','[{}]','[{}, {}]','2010-10-19 11:29:28','2016-12-30 05:23:29'),(57,92,'ante ipsum primis in faucibus orci luctus et ultrices posuere','[{}]','[{}, {}, {}]','2013-08-22 05:27:22','2018-04-04 13:06:11'),(58,94,'adipiscing elit proin','[{}, {}, {}, {}, {}]','[{}, {}]','2019-11-08 02:52:27','2018-09-13 05:17:24'),(59,10,'sagittis sapien cum','[{}, {}, {}]','[{}]','2012-09-12 00:00:35','2015-12-05 13:49:31'),(60,23,'neque libero convallis eget eleifend','[{}, {}, {}]','[{}]','2012-09-08 07:08:04','2010-11-15 03:47:12'),(61,48,'id mauris vulputate elementum','[{}, {}, {}, {}, {}]','[{}]','2016-09-14 08:48:06','2018-02-26 09:41:33'),(62,89,'hac habitasse platea dictumst etiam faucibus cursus urna ut','[{}, {}]','[{}]','2018-11-23 21:33:57','2012-08-17 19:22:25'),(63,64,'sodales sed tincidunt eu felis','[{}]','[{}, {}]','2013-09-06 04:26:47','2015-12-11 19:21:10'),(64,75,'sagittis sapien cum sociis natoque penatibus','[{}]','[{}, {}, {}]','2015-10-06 13:19:42','2012-04-05 23:27:12'),(65,93,'nec molestie sed','[{}]','[{}, {}, {}]','2020-02-01 22:27:32','2013-03-16 17:13:15'),(66,62,'mauris non ligula pellentesque','[{}, {}, {}, {}]','[{}, {}]','2013-04-19 19:58:53','2017-10-23 14:08:27'),(67,14,'ullamcorper purus sit amet nulla quisque','[{}, {}, {}]','[{}, {}]','2017-08-15 06:11:44','2016-11-19 08:50:51'),(68,79,'pulvinar sed nisl nunc rhoncus dui vel','[{}]','[{}]','2016-03-05 21:46:43','2013-10-04 12:50:24'),(69,38,'aliquet massa id lobortis convallis tortor risus','[{}, {}, {}]','[{}, {}, {}]','2017-08-07 01:13:53','2017-04-29 12:53:50'),(70,65,'ut erat id mauris vulputate elementum nullam','[{}, {}, {}]','[{}, {}]','2012-03-26 18:55:25','2014-10-06 08:21:31'),(71,32,'habitasse platea dictumst maecenas ut massa quis augue luctus tincidunt','[{}, {}, {}, {}]','[{}, {}]','2016-04-08 15:28:50','2013-06-04 09:16:19'),(72,81,'vel lectus in quam fringilla rhoncus mauris','[{}, {}, {}, {}, {}]','[{}, {}, {}]','2016-09-07 04:04:03','2012-07-30 15:14:02'),(73,92,'nulla suspendisse potenti cras in','[{}]','[{}, {}]','2015-02-15 20:16:53','2020-07-05 00:13:23'),(74,35,'maecenas pulvinar lobortis est','[{}, {}]','[{}, {}, {}]','2017-10-19 11:25:30','2020-04-19 12:25:11'),(75,72,'pede ullamcorper augue a suscipit nulla','[{}, {}]','[{}, {}]','2012-08-15 09:13:24','2015-02-04 12:11:19'),(76,74,'faucibus orci luctus et ultrices posuere cubilia curae nulla dapibus','[{}]','[{}, {}, {}]','2020-04-04 04:40:51','2018-08-31 08:25:01'),(77,40,'platea dictumst morbi vestibulum velit id pretium iaculis diam erat','[{}, {}, {}, {}]','[{}, {}, {}]','2012-03-14 17:34:38','2017-02-15 12:38:29'),(78,10,'etiam pretium iaculis','[{}]','[{}, {}]','2013-04-11 08:48:30','2018-02-15 05:39:51'),(79,78,'nibh in lectus pellentesque at','[{}]','[{}, {}, {}]','2012-07-09 19:28:38','2012-10-31 18:52:23'),(80,62,'massa quis augue luctus tincidunt nulla mollis molestie','[{}, {}, {}, {}]','[{}]','2013-11-22 22:35:27','2017-07-13 16:15:06'),(81,3,'lectus in quam fringilla rhoncus mauris enim leo rhoncus','[{}, {}, {}, {}]','[{}]','2019-04-02 02:25:14','2016-09-02 21:05:10'),(82,37,'duis aliquam convallis nunc proin','[{}]','[{}, {}]','2017-04-23 13:21:50','2011-10-11 08:17:13'),(83,16,'mauris ullamcorper purus sit','[{}, {}, {}]','[{}]','2010-12-01 01:51:52','2018-08-02 12:46:45'),(84,58,'donec pharetra magna vestibulum aliquet','[{}, {}, {}, {}]','[{}]','2016-11-16 03:27:04','2016-07-04 19:06:49'),(85,71,'amet sem fusce consequat nulla nisl nunc nisl duis','[{}, {}]','[{}, {}, {}]','2012-08-20 17:26:08','2014-10-18 19:29:02'),(86,85,'primis in faucibus orci luctus et ultrices posuere cubilia','[{}, {}, {}, {}]','[{}, {}]','2020-06-01 00:37:12','2013-11-01 18:12:16'),(87,83,'id massa id nisl venenatis lacinia aenean sit amet','[{}, {}, {}, {}]','[{}]','2011-01-31 00:11:58','2019-07-22 17:04:49'),(88,3,'ut massa volutpat convallis morbi odio','[{}, {}]','[{}, {}, {}]','2012-10-24 13:43:33','2013-09-09 09:45:15'),(89,54,'turpis a pede posuere nonummy integer non velit donec diam','[{}, {}, {}, {}]','[{}, {}]','2016-09-02 21:51:03','2012-04-08 14:17:22'),(90,26,'ultrices phasellus id sapien','[{}, {}]','[{}]','2014-07-02 05:16:35','2012-02-19 15:24:58'),(91,24,'ac tellus semper','[{}, {}, {}, {}]','[{}]','2018-05-12 06:23:53','2020-03-16 22:00:40'),(92,99,'varius nulla facilisi cras non velit nec','[{}, {}, {}, {}]','[{}, {}]','2012-08-23 19:56:20','2014-05-21 21:34:21'),(93,69,'eget tempus vel','[{}, {}, {}, {}, {}]','[{}, {}]','2010-08-19 23:21:55','2011-01-06 19:50:08'),(94,53,'luctus et ultrices posuere cubilia curae duis faucibus accumsan odio','[{}]','[{}, {}]','2010-09-29 18:06:09','2014-10-27 21:54:18'),(95,62,'magnis dis parturient montes nascetur ridiculus mus vivamus','[{}, {}, {}, {}, {}]','[{}]','2016-04-26 17:40:48','2018-11-24 06:15:32'),(96,47,'natoque penatibus et magnis dis','[{}, {}, {}, {}, {}]','[{}, {}]','2013-12-04 02:06:10','2012-01-29 08:10:40'),(97,69,'dictumst aliquam augue quam','[{}, {}, {}, {}, {}]','[{}, {}, {}]','2017-07-25 23:15:29','2014-07-15 06:17:34'),(98,13,'eros suspendisse accumsan tortor quis turpis sed ante','[{}, {}]','[{}, {}, {}]','2011-04-01 15:09:14','2019-03-10 18:17:05'),(99,74,'ac diam cras pellentesque volutpat dui','[{}, {}, {}]','[{}, {}]','2019-03-02 15:46:54','2010-12-27 19:25:18'),(100,14,'risus praesent lectus vestibulum quam sapien varius ut blandit non','[{}, {}, {}, {}, {}]','[{}, {}, {}]','2015-01-27 00:48:28','2012-10-07 22:12:46');
/*!40000 ALTER TABLE `posts` ENABLE KEYS */;
UNLOCK TABLES;

--
-- Table structure for table `profiles`
--

DROP TABLE IF EXISTS `profiles`;
/*!40101 SET @saved_cs_client     = @@character_set_client */;
/*!50503 SET character_set_client = utf8mb4 */;
CREATE TABLE `profiles` (
  `id` bigint unsigned NOT NULL AUTO_INCREMENT,
  `user_id` bigint unsigned NOT NULL,
  `gender` char(1) DEFAULT NULL,
  `name` varchar(100) DEFAULT NULL,
  `surname` varchar(100) DEFAULT NULL,
  `birthday` date DEFAULT NULL,
  `photo_id` bigint unsigned DEFAULT NULL,
  `created_at` datetime DEFAULT CURRENT_TIMESTAMP,
  `hometown` varchar(100) DEFAULT NULL,
  PRIMARY KEY (`id`),
  UNIQUE KEY `id` (`id`),
  KEY `user_id` (`user_id`),
  CONSTRAINT `profiles_ibfk_1` FOREIGN KEY (`user_id`) REFERENCES `users` (`id`)
) ENGINE=InnoDB AUTO_INCREMENT=101 DEFAULT CHARSET=utf8mb4 COLLATE=utf8mb4_0900_ai_ci;
/*!40101 SET character_set_client = @saved_cs_client */;

--
-- Dumping data for table `profiles`
--

LOCK TABLES `profiles` WRITE;
/*!40000 ALTER TABLE `profiles` DISABLE KEYS */;
INSERT INTO `profiles` VALUES (1,1,'F','Sidonnie','Godby','1955-12-02',1,'2011-09-08 13:15:16','Carmo do Paranaba'),(2,2,'M','Vinny','Hewson','1969-06-03',2,'2015-10-31 22:13:51','Vredendal'),(3,3,'F','Georgianna','Haffner','1983-12-11',3,'2017-01-16 13:02:01','Panjing'),(4,4,'M','Silvio','Pedwell','2001-08-27',4,'2019-01-09 04:53:25','Maanas'),(5,5,'F','Karleen','Danels','1998-06-21',5,'2012-12-17 16:21:48','Sebba'),(6,6,'M','Jens','Simoens','1950-01-20',6,'2012-10-24 02:20:05','Sempol'),(7,7,'M','Murry','Leadstone','1981-09-26',7,'2016-10-01 12:02:15','Dongfu'),(8,8,'M','Lion','Dauby','1994-05-17',8,'2020-06-30 04:47:31','Yuxi'),(9,9,'F','Nata','Willcox','1983-03-28',9,'2019-03-16 07:08:59','Longhua'),(10,10,'F','Aaren','Pendrill','1965-09-14',10,'2015-05-02 00:56:15','Acao'),(11,11,'M','Borg','Paireman','1946-09-26',11,'2018-11-18 19:01:13','Rayevskaya'),(12,12,'F','Ilyse','Brewer','1955-06-13',12,'2016-03-30 22:28:26','Troyes'),(13,13,'F','Ashla','Rawlence','2008-07-16',13,'2016-08-22 21:21:14','Kalibuntu'),(14,14,'F','Elisa','Yeiles','1966-05-31',14,'2011-01-13 09:39:57','Tby'),(15,15,'F','Emlynne','Yurenin','1978-09-14',15,'2013-01-02 23:04:30','Maungatapere'),(16,16,'F','Teirtza','Wartnaby','1968-11-18',16,'2015-06-02 07:49:39','Shangyong'),(17,17,'F','Maressa','Hiddersley','1998-01-03',17,'2011-03-04 04:45:54','Best'),(18,18,'F','Dian','Kernan','1966-01-21',18,'2012-06-29 11:10:28','Les Abymes'),(19,19,'M','Theodore','Lumsden','1970-03-19',19,'2018-05-06 14:00:24','Jincang'),(20,20,'F','Janith','Reyson','2002-09-29',20,'2014-03-31 22:08:52','Four Cross Roads'),(21,21,'M','Raffarty','Rzehor','1953-08-09',21,'2019-05-06 20:29:30','Quma'),(22,22,'M','Hogan','Smallthwaite','1986-08-18',22,'2017-03-31 05:24:45','Xiangqiao'),(23,23,'F','Katey','Niblett','2007-04-01',23,'2017-01-29 09:14:14','Babakan'),(24,24,'F','Ursala','Burchett','1968-12-26',24,'2016-03-24 00:09:32','Lembursawah'),(25,25,'M','Ken','Boller','2006-10-05',25,'2018-01-21 13:00:52','Batron'),(26,26,'F','Roana','Weddell','1991-02-09',26,'2015-07-23 09:01:40','Dnipryany'),(27,27,'M','Fidole','Gamett','1983-08-22',27,'2014-09-18 21:01:54','Inriville'),(28,28,'M','Aaron','McCreagh','1963-05-18',28,'2012-05-07 06:41:10','Krasnoye'),(29,29,'M','Inger','Flaunier','1951-09-20',29,'2011-03-14 20:37:01','Kto Nevrokpi'),(30,30,'M','Emmott','Jeaves','1965-05-15',30,'2012-09-03 08:53:22','Dolsk'),(31,31,'M','Egon','Riccio','1972-09-10',31,'2018-10-16 21:22:45','Taywanak Ilaya'),(32,32,'M','Arch','Antoniak','1954-07-14',32,'2020-06-17 18:02:28','Sogati'),(33,33,'M','Bald','Learmond','1963-06-10',33,'2018-08-17 21:17:14','Puerto Deseado'),(34,34,'M','Mose','Rolse','2003-07-10',34,'2019-11-02 20:29:04','Realeza'),(35,35,'F','Darda','Sante','2000-06-13',35,'2014-02-10 15:15:59','Saint Aubin'),(36,36,'M','Jesse','Clibbery','1983-03-15',36,'2020-07-08 20:32:07','Tajumulco'),(37,37,'M','Adolph','Scambler','1968-01-13',37,'2019-05-03 15:21:39','Veguitas'),(38,38,'M','Rick','Avrahamov','1960-06-19',38,'2018-12-29 23:47:55','Helvecia'),(39,39,'F','Daune','Peegrem','1958-06-23',39,'2015-07-10 07:06:16','Puget-sur-Argens'),(40,40,'F','Melania','Pershouse','2006-10-24',40,'2018-03-02 15:45:07','Selebi-Phikwe'),(41,41,'M','Rolfe','Sellor','1951-09-18',41,'2011-08-19 12:39:19','Perfilovo'),(42,42,'M','Upton','Drinkel','1964-02-05',42,'2016-07-13 16:42:55','Gudurica'),(43,43,'M','Salem','Phizackarley','1999-02-23',43,'2012-07-21 21:27:35','Longanqiao'),(44,44,'F','Cacilie','Deniseau','1953-03-17',44,'2011-02-28 01:25:51','Non Sang'),(45,45,'F','Astra','Weeke','2001-10-05',45,'2016-05-14 03:47:27','Marosi'),(46,46,'F','Dorie','Havis','1983-06-11',46,'2017-11-14 00:23:32','El guila'),(47,47,'M','Killie','Kyles','1958-03-06',47,'2013-04-14 23:19:59','Sonlit'),(48,48,'M','Rudiger','Eck','1970-08-13',48,'2012-11-22 03:45:37','Daqiao'),(49,49,'F','Gavrielle','McConachie','2000-12-31',49,'2014-02-01 08:12:20','Huayuanli'),(50,50,'M','Stanton','Matteucci','1968-01-31',50,'2018-11-05 02:08:25','Yangqiao'),(51,51,'M','Maurits','Klempke','1992-08-16',51,'2012-02-06 21:09:26','Bor Ondor'),(52,52,'F','Maxie','Margery','1983-06-30',52,'2017-11-25 05:02:16','Parchowo'),(53,53,'F','Koralle','Dickerline','1960-08-09',53,'2019-11-07 09:15:54','Fengshan'),(54,54,'F','Belvia','Causbey','1979-05-04',54,'2011-12-10 03:10:36','Sabana Grande de Palenque'),(55,55,'M','Jud','Brownsworth','1976-04-11',55,'2017-08-16 23:44:06','Lepaterique'),(56,56,'M','Robb','MacKellen','1969-04-28',56,'2012-10-20 20:44:06','Krylovskaya'),(57,57,'M','Erek','Lehr','2005-10-31',57,'2011-12-03 14:04:11','Duitama'),(58,58,'F','Wynn','Picheford','1996-05-11',58,'2015-05-11 15:42:22','ajetina'),(59,59,'M','Field','Dodson','1984-03-12',59,'2020-04-16 11:15:26','Angol'),(60,60,'M','Franklin','Reaper','1962-04-17',60,'2011-06-16 08:26:27','Dukou'),(61,61,'M','Nikos','Hinz','1962-11-11',61,'2012-03-30 06:57:07','Guangsheng'),(62,62,'M','Virgie','Touhig','2008-04-13',62,'2014-01-02 12:49:40','Dziergowice'),(63,63,'F','Carlen','Rowledge','1998-12-11',63,'2013-07-24 22:30:21','Marignane'),(64,64,'M','Brewer','Paige','1955-01-12',64,'2015-11-28 01:39:41','Rodhtsa'),(65,65,'M','Weidar','Ricciardiello','1955-03-09',65,'2015-02-07 11:47:54','Ilka'),(66,66,'F','Anitra','Frickey','1976-10-20',66,'2012-01-07 16:25:26','Duas Igrejas'),(67,67,'F','Maryanne','Anfossi','2000-03-27',67,'2012-05-15 14:28:42','Aloja'),(68,68,'F','Ebony','Siddle','1966-08-31',68,'2018-09-07 16:44:53','Venda Nova'),(69,69,'M','Aland','O\'Noland','1954-05-11',69,'2017-05-02 22:16:17','Zangbi'),(70,70,'F','Danita','Whitby','1952-09-01',70,'2017-11-26 10:49:58','Tuofeng'),(71,71,'F','Hyacinthe','Hadye','1955-08-31',71,'2017-12-17 08:41:26','Harrismith'),(72,72,'M','Ugo','Camfield','1983-06-29',72,'2018-02-06 05:26:49','Hiji'),(73,73,'F','Fayth','McGahern','1970-06-28',73,'2017-11-22 01:07:47','Esil'),(74,74,'M','Lev','Twycross','1968-09-28',74,'2013-01-19 01:15:59','Sundre'),(75,75,'F','Jada','Peppard','2005-03-24',75,'2011-09-29 22:50:49','Al Flah'),(76,76,'F','Grace','Duckels','2000-09-06',76,'2019-12-06 01:23:42','Sabanitas'),(77,77,'F','Evonne','Renols','1984-08-02',77,'2014-11-08 14:00:39','Changshu City'),(78,78,'F','Maye','Eyam','2002-11-30',78,'2015-06-02 22:45:25','Krajan Dua Patempuran'),(79,79,'F','Kattie','Blondelle','1966-10-23',79,'2014-10-31 05:22:49','Ashikaga'),(80,80,'F','Doe','Farrent','1950-01-05',80,'2012-11-20 13:31:19','Bayan Gol'),(81,81,'F','Kirby','Sarah','2001-09-23',81,'2013-02-16 18:59:09','Shardara'),(82,82,'M','Hillery','Lorenc','1978-04-30',82,'2018-07-31 15:16:10','Andamui'),(83,83,'M','Olivero','Porcas','2001-09-11',83,'2020-02-12 09:20:15','Quxi'),(84,84,'M','Sheridan','Narracott','1960-04-01',84,'2012-02-11 10:06:40','Jinhua'),(85,85,'M','Arnuad','Pethick','1980-12-06',85,'2015-05-25 20:13:07','Khodzha-Maston'),(86,86,'M','Gordan','Bumpass','1990-12-21',86,'2011-02-16 19:54:42','Guozhuang'),(87,87,'M','August','Pitman','1960-05-02',87,'2015-07-15 06:11:52','Tandzut'),(88,88,'M','Elwin','Geake','1994-09-04',88,'2011-02-22 00:54:38','Llmohan'),(89,89,'F','Orelie','Calabry','1990-07-06',89,'2018-12-23 18:57:15','Wangcun'),(90,90,'F','Kerstin','Skellon','1961-08-06',90,'2014-11-13 14:57:40','Ermelo'),(91,91,'M','Skip','Riccardelli','1968-04-11',91,'2013-07-24 07:58:10','Clones'),(92,92,'F','Ola','MacPake','1971-11-08',92,'2018-01-01 03:27:46','Gyda'),(93,93,'M','Rodge','Pasquale','1956-07-05',93,'2018-06-08 03:29:52','Piekoszw'),(94,94,'M','Timoteo','Custance','2008-01-13',94,'2019-12-31 17:43:51','Ponte Nova'),(95,95,'M','Igor','Vanichkin','1969-06-13',95,'2019-03-25 03:04:28','Cinaga'),(96,96,'M','Hastings','Ivy','1986-04-13',96,'2012-10-08 18:21:24','Jiangchi'),(97,97,'F','Dulsea','Constanza','1960-09-15',97,'2011-12-18 04:47:01','Baiyang'),(98,98,'M','Berky','Stairmand','1967-10-06',98,'2015-02-23 22:10:42','Pushkino'),(99,99,'F','Sabrina','Vasyutochkin','1957-03-09',99,'2016-08-01 05:08:35','Huoche Xizhan'),(100,100,'M','Aldrich','Purchon','1987-03-26',100,'2019-10-01 15:01:46','Cabudare');
/*!40000 ALTER TABLE `profiles` ENABLE KEYS */;
UNLOCK TABLES;

--
-- Table structure for table `repost`
--

DROP TABLE IF EXISTS `repost`;
/*!40101 SET @saved_cs_client     = @@character_set_client */;
/*!50503 SET character_set_client = utf8mb4 */;
CREATE TABLE `repost` (
  `id` bigint unsigned NOT NULL AUTO_INCREMENT,
  `post_id` bigint unsigned NOT NULL,
  `reposted_to` bigint unsigned NOT NULL,
  `reposted_from` bigint unsigned NOT NULL,
  `reposted_at` datetime DEFAULT CURRENT_TIMESTAMP,
  PRIMARY KEY (`id`),
  UNIQUE KEY `id` (`id`),
  KEY `reposted_to` (`reposted_to`),
  KEY `post_id` (`post_id`),
  CONSTRAINT `repost_ibfk_1` FOREIGN KEY (`reposted_to`) REFERENCES `users` (`id`),
  CONSTRAINT `repost_ibfk_2` FOREIGN KEY (`post_id`) REFERENCES `posts` (`id`)
) ENGINE=InnoDB AUTO_INCREMENT=101 DEFAULT CHARSET=utf8mb4 COLLATE=utf8mb4_0900_ai_ci;
/*!40101 SET character_set_client = @saved_cs_client */;

--
-- Dumping data for table `repost`
--

LOCK TABLES `repost` WRITE;
/*!40000 ALTER TABLE `repost` DISABLE KEYS */;
INSERT INTO `repost` VALUES (1,74,30,27,'2016-06-05 01:47:40'),(2,72,37,63,'2020-04-05 10:28:11'),(3,12,100,94,'2011-07-04 02:31:24'),(4,75,79,41,'2011-07-24 23:29:43'),(5,34,89,49,'2015-08-04 16:13:55'),(6,35,91,8,'2018-09-23 00:14:13'),(7,38,33,72,'2013-01-23 23:11:30'),(8,50,37,61,'2017-09-26 11:41:25'),(9,31,97,77,'2012-09-13 02:48:09'),(10,99,84,43,'2014-08-17 17:18:46'),(11,33,18,90,'2014-03-27 15:05:41'),(12,60,97,58,'2020-01-25 10:50:33'),(13,7,28,63,'2019-06-23 07:24:27'),(14,54,66,97,'2010-12-06 09:20:02'),(15,31,15,79,'2019-08-11 20:17:09'),(16,63,35,52,'2015-08-04 04:18:42'),(17,70,3,22,'2013-02-05 03:20:50'),(18,82,75,67,'2018-01-18 21:36:59'),(19,20,67,35,'2015-02-12 00:54:32'),(20,22,30,97,'2017-12-16 14:38:05'),(21,89,14,96,'2012-03-07 22:14:17'),(22,6,4,64,'2011-06-13 14:27:08'),(23,80,87,40,'2014-10-15 01:06:13'),(24,57,46,62,'2020-06-28 10:16:47'),(25,48,59,56,'2018-08-14 07:23:26'),(26,82,86,37,'2020-04-28 21:11:10'),(27,14,73,5,'2016-07-30 05:56:33'),(28,44,38,39,'2017-09-20 17:32:21'),(29,78,25,87,'2012-04-29 09:53:23'),(30,36,6,40,'2016-10-15 08:01:00'),(31,90,16,93,'2011-11-01 22:51:44'),(32,42,57,9,'2015-03-24 08:37:52'),(33,11,39,97,'2018-08-21 23:05:26'),(34,53,20,7,'2016-10-26 00:52:21'),(35,99,22,35,'2017-05-12 18:59:55'),(36,75,24,29,'2016-02-27 20:43:18'),(37,26,98,77,'2013-06-05 03:49:57'),(38,45,85,55,'2018-04-24 20:35:44'),(39,45,9,38,'2017-09-13 22:02:34'),(40,78,59,24,'2013-04-14 05:27:35'),(41,3,64,43,'2011-02-21 10:36:19'),(42,36,17,61,'2017-11-26 03:04:44'),(43,27,10,40,'2016-01-10 09:30:15'),(44,97,91,99,'2016-04-16 07:48:30'),(45,52,56,78,'2013-09-06 09:35:08'),(46,89,5,77,'2012-04-05 16:43:39'),(47,95,92,51,'2016-07-06 05:30:52'),(48,32,14,64,'2015-03-03 19:03:40'),(49,72,62,45,'2019-04-09 21:36:05'),(50,76,5,31,'2015-10-28 15:18:45'),(51,93,15,75,'2011-08-26 17:29:43'),(52,88,41,26,'2012-07-18 05:50:48'),(53,62,48,98,'2012-03-17 13:29:36'),(54,88,46,71,'2019-11-19 12:47:54'),(55,78,65,15,'2014-01-01 05:39:26'),(56,86,63,5,'2018-09-11 09:49:42'),(57,43,25,72,'2014-12-03 12:48:12'),(58,39,23,5,'2019-12-07 20:56:15'),(59,77,69,72,'2015-07-22 10:19:32'),(60,78,36,52,'2014-12-02 07:21:17'),(61,5,70,58,'2015-04-22 08:28:48'),(62,73,59,42,'2013-12-27 01:36:57'),(63,61,19,63,'2014-01-15 11:30:56'),(64,37,93,97,'2014-12-13 18:39:37'),(65,13,56,50,'2011-09-06 09:45:04'),(66,25,3,72,'2012-05-30 09:08:46'),(67,57,14,46,'2014-01-22 09:34:31'),(68,55,63,20,'2014-08-10 00:33:57'),(69,31,50,50,'2015-07-07 22:34:50'),(70,100,51,94,'2013-10-25 16:27:24'),(71,73,21,41,'2014-07-30 13:19:11'),(72,45,20,16,'2020-05-19 18:05:56'),(73,3,72,33,'2019-07-01 14:38:13'),(74,25,90,16,'2013-09-07 18:53:27'),(75,17,56,35,'2012-05-08 22:53:47'),(76,64,44,13,'2013-08-16 00:13:17'),(77,63,82,38,'2014-02-11 15:19:07'),(78,63,53,37,'2011-02-05 14:45:41'),(79,87,73,82,'2015-10-19 12:53:28'),(80,96,12,47,'2010-07-26 05:56:06'),(81,53,97,5,'2015-11-08 18:51:06'),(82,86,45,87,'2011-06-09 23:41:28'),(83,72,76,64,'2018-11-08 00:26:20'),(84,72,86,29,'2010-11-04 03:57:47'),(85,25,63,7,'2012-08-06 19:40:05'),(86,64,14,70,'2010-09-01 23:15:52'),(87,77,53,26,'2017-11-27 18:52:16'),(88,6,8,54,'2014-04-03 07:19:34'),(89,25,22,46,'2015-08-29 12:18:37'),(90,75,34,56,'2017-07-12 04:50:03'),(91,35,69,48,'2019-02-20 14:22:10'),(92,99,56,25,'2019-10-06 06:22:23'),(93,41,13,25,'2014-06-14 22:12:08'),(94,90,43,12,'2012-04-14 07:20:44'),(95,55,33,11,'2013-10-21 05:23:09'),(96,84,77,52,'2018-08-16 15:39:41'),(97,27,13,60,'2013-06-13 23:37:41'),(98,31,38,44,'2020-04-21 22:50:50'),(99,36,79,57,'2013-01-29 07:32:17'),(100,13,35,82,'2012-01-11 21:41:45');
/*!40000 ALTER TABLE `repost` ENABLE KEYS */;
UNLOCK TABLES;

--
-- Table structure for table `users`
--

DROP TABLE IF EXISTS `users`;
/*!40101 SET @saved_cs_client     = @@character_set_client */;
/*!50503 SET character_set_client = utf8mb4 */;
CREATE TABLE `users` (
  `id` bigint unsigned NOT NULL AUTO_INCREMENT,
  `email` varchar(120) DEFAULT NULL,
  `phone` varchar(15) DEFAULT NULL,
  `pass` varchar(200) DEFAULT NULL,
  PRIMARY KEY (`id`),
  UNIQUE KEY `id` (`id`),
  UNIQUE KEY `email` (`email`)
) ENGINE=InnoDB AUTO_INCREMENT=101 DEFAULT CHARSET=utf8mb4 COLLATE=utf8mb4_0900_ai_ci;
/*!40101 SET character_set_client = @saved_cs_client */;

--
-- Dumping data for table `users`
--

LOCK TABLES `users` WRITE;
/*!40000 ALTER TABLE `users` DISABLE KEYS */;
INSERT INTO `users` VALUES (1,'lgecke0@ezinearticles.com','691-845-6724','nUw4m8B'),(2,'jissac1@yahoo.com','846-968-0196','WoRlb6VLZjE8'),(3,'ssamworth2@sciencedirect.com','167-356-9204','PEKEYP'),(4,'dleeb3@cyberchimps.com','836-173-6011','Te8nF7Uc'),(5,'jcoe4@plala.or.jp','446-283-6743','03wniBZ4J'),(6,'pbrunon5@netvibes.com','168-795-8100','O24gD8'),(7,'habrahami6@github.com','244-481-4607','4r4ly8RoX'),(8,'bchoupin7@e-recht24.de','948-436-3859','JaBeOLLENHuR'),(9,'abambra8@naver.com','957-920-9545','7bfU2t'),(10,'cgiacopazzi9@seesaa.net','613-256-2333','OGOBrYKM1vH'),(11,'eboustreda@merriam-webster.com','145-963-4656','gCNEruQ'),(12,'wferriereb@symantec.com','564-757-5767','YZJLReNM'),(13,'cbonnettc@abc.net.au','875-904-6836','D84QLrRkK7tM'),(14,'jorrilld@cdc.gov','137-269-7021','pDZPYYBNI'),(15,'hdovinsone@youku.com','238-997-2077','Q29qBxt'),(16,'agosneyef@flickr.com','301-642-8801','aS5YLIrtM4'),(17,'ealejandrig@parallels.com','121-242-9061','5IiSRi'),(18,'wnyeh@domainmarket.com','540-507-5590','MS2qI6PxNMF1'),(19,'broselli@list-manage.com','679-169-2524','na6eaAsLiELU'),(20,'hhappelj@webnode.com','456-375-2193','s4hs1IpQYn'),(21,'lpalphreymank@list-manage.com','534-592-2701','4aRT1Ha'),(22,'jdunphyl@i2i.jp','807-362-5358','9Nkmzwh'),(23,'dlowmassm@theguardian.com','218-464-2881','Rz7sN4Iy'),(24,'sjoskowitzn@hud.gov','824-595-4780','5jKuwRca'),(25,'mtummondo@weibo.com','181-634-8300','AcJmpWqUM'),(26,'tridgerp@facebook.com','255-674-0706','bkD7kpM'),(27,'hsambiedgeq@infoseek.co.jp','295-238-8629','m2bmKK2AFk'),(28,'cflintuffr@reuters.com','673-461-1617','QDcQD1o'),(29,'pmeanys@earthlink.net','375-781-1427','92cec44dZ'),(30,'ddecarlot@about.me','659-804-0740','egkNHqwHDG9'),(31,'cvalentiu@devhub.com','458-987-6660','v5aEYZvnNS07'),(32,'pbuckhamv@hugedomains.com','940-393-6708','XD51ASluSV'),(33,'rdarbeyw@eventbrite.com','767-948-0404','fAQkY26'),(34,'ebonix@google.ru','395-724-4675','8JyE2ZnqS9'),(35,'hclutey@tiny.cc','356-259-1972','JavMLdqu'),(36,'erochfordz@accuweather.com','465-989-4704','ZOSxFtt'),(37,'mportsmouth10@phpbb.com','836-638-5015','rb23cxzT1Ay1'),(38,'msouley11@nyu.edu','894-777-7250','PwQEsmVb'),(39,'bmateos12@xrea.com','584-710-4079','BzaMUjHfU'),(40,'sweafer13@wordpress.com','861-695-0668','PwjibZS1'),(41,'rscanlan14@flavors.me','735-437-8349','t1DsYxz7j'),(42,'mgloster15@drupal.org','290-449-4104','kJORjbyX6lwX'),(43,'pbonas16@prnewswire.com','343-636-6407','T7bCVjaA'),(44,'rpidwell17@apple.com','827-426-7864','Pd6Xz9wuLCR'),(45,'sdehailes18@state.gov','948-771-4852','gu6SpAH'),(46,'mcharles19@oaic.gov.au','618-685-0570','WmpB11mgtIW'),(47,'gtilston1a@goo.gl','806-202-4585','OKJpZX'),(48,'cmarlon1b@nydailynews.com','703-639-4682','9uhtcLYJDzH'),(49,'felbourn1c@tuttocitta.it','535-573-4986','7ljgp39cGFW'),(50,'ifresson1d@chron.com','651-596-2696','AR9zGElHK'),(51,'dvarey1e@examiner.com','675-654-5198','9iJ1j0Zx'),(52,'zfache1f@privacy.gov.au','870-643-8343','XObgFw'),(53,'jdockree1g@state.gov','567-918-5768','FGkzKtuuL'),(54,'ghinkley1h@csmonitor.com','420-859-3562','ANz8GSKS'),(55,'aeadie1i@vkontakte.ru','105-376-1799','9WVrdf0zW'),(56,'yantal1j@geocities.jp','408-893-1360','W6RleqfxxBE'),(57,'hreihill1k@redcross.org','737-109-0134','R5RDdSS'),(58,'econnaughton1l@ezinearticles.com','871-753-4040','WN7b51I5Clo'),(59,'ctomaskunas1m@oakley.com','367-954-3483','KNOZJ1xcTVH'),(60,'jsnashall1n@deviantart.com','217-515-6884','AYnzf2c'),(61,'wmaase1o@usa.gov','149-680-9714','6XpqlX58on'),(62,'dslocumb1p@hibu.com','861-828-2743','jsKrhGk'),(63,'edoll1q@answers.com','907-199-8180','5WOBWDhbtw'),(64,'lmulqueen1r@macromedia.com','497-740-2933','ZUFQHo'),(65,'rdraye1s@wordpress.com','674-582-5309','pC7jU5qi'),(66,'clempenny1t@mozilla.com','926-687-6507','CWPsp6xd2'),(67,'kblazej1u@icio.us','902-526-1875','nI6GPdc'),(68,'mshieldon1v@chronoengine.com','177-337-2586','h4SHKwdxoNf6'),(69,'cjorat1w@timesonline.co.uk','388-163-5719','PhqyKo'),(70,'cgodrich1x@i2i.jp','877-112-2900','YGrbcoj'),(71,'egreeno1y@disqus.com','247-400-2746','Jx1RyjxlGEDJ'),(72,'eellit1z@examiner.com','274-599-8308','xNijn7c4IUPH'),(73,'kkaplan20@wikipedia.org','175-202-6155','YoQ6BcurN2W'),(74,'dfarra21@51.la','787-707-5047','WPM1LDgt'),(75,'cbirchenough22@hostgator.com','629-769-8254','DA5NHMEj'),(76,'kserver23@ucla.edu','170-688-3239','zhaIAhjhIoi'),(77,'tprobbing24@cafepress.com','645-727-4256','IjQDfELLA'),(78,'cstodhart25@noaa.gov','125-912-6614','kcgD1f'),(79,'uwalklett26@businesswire.com','790-563-5217','0HsSqOlAGf3'),(80,'bcocklin27@soundcloud.com','684-664-2953','cwzKDL5'),(81,'pmoses28@wsj.com','783-989-7925','aKQY0U1Raa0'),(82,'asketch29@altervista.org','268-833-1513','0mfPGiOGohK'),(83,'jgerleit2a@purevolume.com','735-952-1309','BAqJn8q9MIl3'),(84,'psumner2b@bizjournals.com','766-668-8558','4WkalM1wQ'),(85,'vraiker2c@delicious.com','497-111-6479','UIQFNSHt'),(86,'jandraud2d@ucoz.com','922-958-1142','CfarpFD'),(87,'gyeatman2e@patch.com','353-127-4700','VEYnCkgR'),(88,'mjeffcock2f@shareasale.com','156-602-1762','oEIcBvMBWiyP'),(89,'aitzhak2g@bloomberg.com','537-909-7244','XtJi4D5Xz8f'),(90,'pcheel2h@salon.com','326-126-0014','U2vG02S6v'),(91,'bbertenshaw2i@odnoklassniki.ru','711-918-1345','sabeMeg6pMIR'),(92,'pantat2j@paginegialle.it','916-474-2885','Eg7vV4zX'),(93,'cbrisset2k@ed.gov','589-770-6625','POnv3C'),(94,'dcaulcutt2l@com.com','271-819-1961','tYI8ECFOe'),(95,'acumesky2m@flickr.com','451-538-9680','SC6eou41m0'),(96,'rlordon2n@plala.or.jp','208-852-0450','rslYCKbBVOi'),(97,'smcaneny2o@google.com.br','603-645-3740','bPiTtsLibj1'),(98,'mparysiak2p@narod.ru','976-539-4009','5G85AkauLhO'),(99,'hmoodey2q@shop-pro.jp','637-263-7966','vdmQ13NEtImd'),(100,'chellyar2r@wix.com','401-859-2171','hNp40tzvC3');
/*!40000 ALTER TABLE `users` ENABLE KEYS */;
UNLOCK TABLES;

--
-- Table structure for table `users_communities`
--

DROP TABLE IF EXISTS `users_communities`;
/*!40101 SET @saved_cs_client     = @@character_set_client */;
/*!50503 SET character_set_client = utf8mb4 */;
CREATE TABLE `users_communities` (
  `user_id` bigint unsigned NOT NULL,
  `community_id` bigint unsigned NOT NULL,
  `is_admin` tinyint(1) DEFAULT NULL,
  PRIMARY KEY (`user_id`,`community_id`),
  KEY `community_id` (`community_id`),
  CONSTRAINT `users_communities_ibfk_1` FOREIGN KEY (`user_id`) REFERENCES `users` (`id`),
  CONSTRAINT `users_communities_ibfk_2` FOREIGN KEY (`community_id`) REFERENCES `communities` (`id`)
) ENGINE=InnoDB DEFAULT CHARSET=utf8mb4 COLLATE=utf8mb4_0900_ai_ci;
/*!40101 SET character_set_client = @saved_cs_client */;

--
-- Dumping data for table `users_communities`
--

LOCK TABLES `users_communities` WRITE;
/*!40000 ALTER TABLE `users_communities` DISABLE KEYS */;
INSERT INTO `users_communities` VALUES (1,53,0),(2,8,0),(3,69,1),(4,61,1),(5,78,1),(6,92,1),(7,2,1),(8,98,0),(9,20,1),(10,21,1),(11,83,1),(12,49,1),(13,6,0),(14,69,1),(15,39,1),(16,32,0),(17,77,0),(18,24,1),(19,86,0),(20,90,1),(21,1,1),(22,8,1),(23,81,1),(24,100,1),(25,31,0),(26,91,1),(27,23,1),(28,2,1),(29,99,0),(30,2,1),(31,15,0),(32,16,1),(33,74,1),(34,53,1),(35,76,0),(36,2,1),(37,75,1),(38,22,1),(39,46,1),(40,91,1),(41,27,0),(42,84,1),(43,73,0),(44,6,0),(45,33,0),(46,35,1),(47,61,1),(48,51,0),(49,65,1),(50,90,0),(51,35,0),(52,98,0),(53,18,0),(54,49,0),(55,3,0),(56,19,0),(57,99,1),(58,16,1),(59,23,1),(60,34,0),(61,65,1),(62,16,0),(63,67,0),(64,25,0),(65,95,0),(66,57,0),(67,65,0),(68,7,0),(69,95,0),(70,49,0),(71,50,1),(72,3,0),(73,80,0),(74,3,0),(75,100,1),(76,89,1),(77,39,1),(78,41,0),(79,80,1),(80,3,0),(81,13,1),(82,61,0),(83,24,1),(84,51,1),(85,84,0),(86,7,0),(87,22,1),(88,77,1),(89,44,0),(90,31,0),(91,28,1),(92,88,0),(93,11,1),(94,14,0),(95,63,1),(96,61,0),(97,41,1),(98,31,0),(99,76,0),(100,12,0);
/*!40000 ALTER TABLE `users_communities` ENABLE KEYS */;
UNLOCK TABLES;
/*!40103 SET TIME_ZONE=@OLD_TIME_ZONE */;

/*!40101 SET SQL_MODE=@OLD_SQL_MODE */;
/*!40014 SET FOREIGN_KEY_CHECKS=@OLD_FOREIGN_KEY_CHECKS */;
/*!40014 SET UNIQUE_CHECKS=@OLD_UNIQUE_CHECKS */;
/*!40101 SET CHARACTER_SET_CLIENT=@OLD_CHARACTER_SET_CLIENT */;
/*!40101 SET CHARACTER_SET_RESULTS=@OLD_CHARACTER_SET_RESULTS */;
/*!40101 SET COLLATION_CONNECTION=@OLD_COLLATION_CONNECTION */;
/*!40111 SET SQL_NOTES=@OLD_SQL_NOTES */;

-- Dump completed on 2020-07-19 18:00:58
